analysis,tweet
negatif,"['antri', 'dri', 'jam', 'sekrang', 'nomer', 'tes', 'genose', 'gimana', 'ni', 'layan', 'emang', 'orang', 'cuma', 'tes', 'covid', 'doang', 'ya', 'lokasi', 'stasiun', 'kebumen']"
negatif,"['lapor', 'kalau', 'sistem', 'antri', 'periksa', 'genose', 'rapid', 'antigen', 'pagi', 'stasiun', 'kai', 'madiun', 'chaos', 'protes', 'sistem', 'eh', 'malah', 'marah', 'utama', 'antigen']"
positif,"['unit', 'genose', 'produksi', 'rektor', 'ugm', 'akan', 'inovasi']"
positif,"['selamat', 'siang', 'layan', 'genose', 'stasiun', 'bekas', 'buka', 'wib', 'antre', 'kondisional', 'trims']"
positif,"['min', 'tes', 'genose', 'stasiun', 'bekas', 'ini', 'tutup', 'jam', 'ya']"
positif,"['periode', 'pra', 'tiada', 'mudik', 'pada', 'tanggal', 'april', 'mei', 'pasca', 'tiada', 'mudik', 'tanggal', 'mei', 'wajib', 'surat', 'terang', 'hasil', 'negatif', 'pcr', 'rapid', 'test', 'antigen', 'genose']"
negatif,"['calon', 'tumpang', 'tunggu', 'hasil', 'tes', 'genose', 'stasiun', 'kutoarjo', 'bejubel', 'kerumun']"
positif,"['kaligung', 'gaperlu', 'rapid', 'or', 'genose', 'mas', 'yakin', 'dm', 'kai', 'aja']"
positif,"['selamat', 'siang', 'sesuai', 'adendum', 'surat', 'edar', 'tugas', 'tangan', 'covid', 'nomor', 'hasil', 'negatif', 'periksa', 'genose', 'laku', 'jam', 'ambil', 'sampel', 'terima', 'kasih']"
positif,"['genose', 'test', 'wajib', 'laku', 'bandara', 'atau', 'bandara', 'berangkat', 'wajib', 'laku', 'hari', 'sama', 'hari', 'berangkat', 'kami', 'informasi', 'utk', 'ini', 'fasilitas', 'genose', 'test', 'sedia', 'bandara', 'soekarno', 'hatta']"
positif,"['min', 'test', 'genose', 'tgl', 'mei', 'hari', 'laku', 'utk', 'kereta']"
positif,"['lupa', 'udh', 'genose', 'wkwk']"
positif,"['minggu', 'lalu', 'mudik', 'kereta', 'ditanyain', 'surat', 'negatif', 'covid', 'kemarin', 'pake', 'genose']"
negatif,"['ribet', 'genose']"
positif,"['jam', 'operasional', 'layan', 'genose', 'stasiun', 'jember', 'wib', 'antre', 'sifat', 'kondisional', 'trims']"
positif,"['min', 'misal', 'bal', 'tgl', 'mei', 'cgk', 'wajib', 'lampir', 'hasil', 'pcr', 'antigen', 'genose', 'boleh']"
negatif,"['hasil', 'genose', 'stasiun', 'gambir', 'langsung', 'online', 'lho', 'di', 'stasiun', 'purwokerto', 'manual', 'gimana', 'pak', 'dirut', 'masih', 'negara', 'bisa', 'beda', 'sistem']"
positif,"['genose', 'jember', 'jam']"
positif,"['bandara', 'supadio', 'layan', 'rapid', 'test', 'antigen', 'genose', 'sesuai', 'prosedur', 'kemenkes', 'ri']"
positif,"['tarif', 'layan', 'besar', 'ribu', 'calon', 'tumpang', 'syarat', 'calon', 'tumpang', 'milik', 'kode', 'booking', 'tiket', 'ka', 'jarak', 'dengan', 'status', 'bayar', 'sila', 'laku', 'periksa', 'genose']"
negatif,"['genose', 'emang', 'parah', 'ter', 'huftt', 'selalu', 'pilih', 'antigen', 'movingnya', 'cepet', 'antigen', 'kacau', 'poo']"
positif,"['halo', 'min', 'jadwal', 'genose', 'stasiun', 'lempuyangan', 'dr', 'jam', 'sampe', 'jam', 'ya']"
positif,"['wajib', 'tes', 'covid', 'tumpang', 'terminal', 'kalideres', 'tes', 'acak', 'genose']"
positif,"['lantar', 'infeksi', 'covid', 'keluar', 'napas', 'lpm', 'sinovia', 'mediasi', 'komunikasi', 'sehat']"
positif,"['volatile', 'organic', 'compound', 'voc', 'nafas', 'manusia', 'infeksi', 'covid', 'tidak', 'salah', 'anggota', 'tim', 'kembang', 'genose', 'dian', 'kesumapramudya', 'nurputra', 'alat', 'identifikasi', 'virus', 'corona', 'tidak', 'langsung', 'cara', 'deteksi', 'voc', 'bentuk']"
positif,"['sino', 'web', 'genose', 'rupa', 'alat', 'tiru', 'kerja', 'hidung', 'manusia', 'manfaat', 'sistem', 'penginderaan', 'larik', 'sensor', 'gas', 'cerdas', 'artificial', 'intelligence', 'beda', 'pola', 'senyawa', 'deteksi', 'khusus', 'genose', 'beda', 'pola', 'senyawa']"
positif,"['admin', 'hasil', 'genose', 'dr', 'ps', 'senen', 'keluar', 'jam', 'brpya', 'saya', 'udah', 'ambil', 'sampel', 'dr', 'jam', 'sampe', 'skrg', 'blm']"
positif,"['halo', 'kak', 'terbang', 'mei', 'pgk', 'cgk', 'bisa', 'melampirkn', 'hasil', 'tes', 'genose', 'antigen', 'trus', 'syarat', 'apa', 'kak', 'trims']"
positif,"['min', 'genose', 'gubeng', 'buka', 'jam', 'sampai', 'jam', 'ya']"
positif,"['tumpang', 'bus', 'akap', 'jalan', 'tes', 'genose', 'tiap', 'terminal', 'tempometro']"
negatif,"['iya', 'bener', 'bgt', 'tar', 'susah', 'ke', 'negara', 'tuju', 'apalagi', 'kl', 'indo', 'anggap', 'bahaya', 'negara', 'tuju', 'blm', 'biaya', 'karantina', 'jg', 'lumayan', 'krn', 'karantina', 'di', 'test', 'swab', 'antigen', 'genose', 'bayar']"
positif,"['udah', 'pake', 'genose', 'ajaaa']"
positif,"['periksa', 'genose', 'hadir', 'stasiun', 'langkahbaikperkuatnkri']"
negatif,"['bodoh', 'bgt', 'lupa', 'antigen', 'genose', 'pdhl', 'besok', 'kereta', 'pagi']"
positif,"['selamat', 'siang', 'layan', 'genose', 'stasiun', 'surabaya', 'gubeng', 'buka', 'wib', 'antre', 'kondisional', 'trims']"
positif,"['selamat', 'siang', 'kak', 'tumpang', 'ka', 'lokal', 'prameks', 'ini', 'wajib', 'hasil', 'negatif', 'genose', 'rapid', 'test', 'antigen', 'pcr', 'informasi', 'lengkap', 'syarat', 'tentu', 'sila', 'cek', 'link', 'trims']"
positif,"['tes', 'genose', 'st', 'gubeng', 'buka', 'jam', 'ya']"
negatif,"['kl', 'sy', 'presiden', 'mah', 'moal', 'ngalarang', 'mudik', 'mudik', 'tapi', 'mudik', 'negatif', 'tes', 'genose', 'terminal', 'posko', 'stasiun', 'murah', 'cepat', 'prokes', 'laksana', 'silaturahmi', 'jaga']"
positif,"['selamat', 'siang', 'tumpang', 'ka', 'kaligung', 'wajib', 'rapid', 'test', 'antigen', 'pcr', 'genose', 'test', 'tetap', 'wajib', 'pakai', 'masker', 'kain', 'lapis', 'medis', 'kondisi', 'sehat', 'derita', 'flu', 'pilek', 'batuk', 'hilang', 'daya', 'cium', 'diare', 'demam']"
positif,"['periksa', 'genose', 'covid', 'acak', 'tumpang', 'terminal', 'kalideres', 'laku', 'ketat', 'syarat', 'mudik', 'april', 'mei']"
positif,"['sila', 'laku', 'periksa', 'genose', 'rapid', 'test', 'antigen', 'kurun', 'maksimal', 'jam', 'berangkat', 'dengan', 'sesuai', 'jam', 'operasional', 'layan', 'trims']"
positif,"['untuk', 'tarif', 'layan', 'rapid', 'test', 'antigen', 'ribu', 'calon', 'tumpang', 'syarat', 'ingin', 'rapid', 'test', 'antigen', 'genose', 'stasiun', 'calon', 'tumpang', 'milik', 'kode', 'booking', 'tiket', 'ka', 'jarak', 'dengan', 'status', 'bayar']"
positif,"['untuk', 'layan', 'rapid', 'test', 'antigen', 'stasiun', 'gambir', 'operasi', 'wib', 'ambil', 'nomor', 'antre', 'pukul', 'wib', 'kondisional', 'tarif', 'layan', 'genose', 'ribu', 'calon', 'tumpang']"
positif,"['saat', 'tumpang', 'ka', 'lokal', 'wajib', 'hasil', 'negatif', 'genose', 'rapid', 'test', 'antigen', 'pcr', 'informasi', 'lengkap', 'syarat', 'tentu', 'sila', 'cek', 'link', 'trims']"
positif,"['selamat', 'siang', 'kak', 'layan', 'genose', 'stasiun', 'pasar', 'senen', 'operasi', 'wib', 'untuk', 'layan', 'genose', 'stasiun', 'gambir', 'operasi', 'wib', 'antre', 'dua', 'stasiun', 'buka', 'pukul', 'wib', 'kondisional']"
positif,"['selamat', 'siang', 'anak', 'usia', 'wajib', 'surat', 'terang', 'hasil', 'negatif', 'tes', 'pcr', 'rapid', 'test', 'antigen', 'tes', 'genose', 'sampel', 'ambil', 'kurun', 'maksimal', 'jam', 'berangkat', 'syarat', 'ka', 'jarak', 'trims']"
positif,"['layan', 'genose', 'st', 'pasar', 'senen', 'operasi', 'wib', 'antri', 'kondisional', 'posisi', 'di', 'pintu', 'samping', 'musala', 'trims']"
negatif,"['nyobain', 'genose', 'pertama', 'kali', 'ngeri', 'sedep', 'euy']"
positif,"['selamat', 'siang', 'ini', 'calon', 'tumpang', 'ka', 'natar', 'dhoho', 'wajib', 'lampir', 'surat', 'terang', 'genose', 'pcr', 'rapid', 'test', 'antigen', 'info', 'lengkap', 'syarat', 'sila', 'cek', 'link', 'trims']"
positif,"['alam', 'kmrn', 'pp', 'gambir', 'purwokerto', 'laku', 'tes', 'genose', 'sblm', 'kbrangkatan', 'spy', 'ngga', 'buru', 'perlu', 'wkt', 'mnt', 'dr', 'daftar', 'smp', 'hasil', 'terima']"
positif,"['dear', 'anak', 'tahun', 'harus', 'laku', 'tes', 'genose', 'antigen']"
positif,"['selamat', 'siang', 'kece', 'hasil', 'genose', 'laku', 'menu', 'tes', 'covid', 'sedia', 'aplikasi', 'kai', 'access', 'dapat', 'scan', 'qr', 'code', 'sudah', 'oleh', 'tugas']"
positif,"['selamat', 'siang', 'layan', 'genose', 'stasiun', 'yogyakarta', 'operasi', 'hari', 'wib', 'antre', 'kondisional', 'posisi', 'ruang', 'tunggu', 'stasiun', 'belah', 'selatan', 'trims']"
positif,"['labuh', 'merak', 'tumpang', 'antre', 'tes', 'genose']"
positif,"['selamat', 'siang', 'min', 'mohon', 'maaf', 'minta', 'share', 'informasi', 'jam', 'operasional', 'test', 'genose', 'rapid', 'pcr', 'stasiun', 'gambir', 'stasiun', 'senen', 'terimakasih']"
negatif,"['sanggup', 'kalau', 'indo', 'kayak', 'india', 'sampai', 'corona', 'wakk', 'ada', 'alas', 'perintah', 'nyuruh', 'swab', 'antigen', 'genose', 'nantik']"
positif,"['min', 'ka', 'lokal', 'penataraan', 'dhoho', 'kepanjen', 'sembung', 'pake', 'tes', 'genose', 'tidak']"
positif,"['genose', 'kurun', 'maksimal', 'jam', 'berangkat', 'dengan', 'sesuai', 'jam', 'operasional', 'layan', 'trims']"
positif,"['selamat', 'siang', 'sudah', 'milik', 'kode', 'booking', 'tiket', 'ka', 'jarak', 'dengan', 'status', 'bayar', 'dapat', 'laku', 'periksa', 'genose', 'stasiun', 'mojokerto', 'jam', 'operasional', 'wib', 'antre', 'sifat', 'kondisional']"
positif,"['siang', 'min', 'nanya', 'min', 'jadwal', 'genose', 'stasiun', 'tugu', 'minggu', 'buka', 'sampe', 'jam', 'brp', 'min']"
positif,"['selamat', 'siang', 'ingin', 'laku', 'jalan', 'st', 'gubeng', 'sby', 'st', 'bandung', 'genose', 'bisa', 'laku', 'st', 'mojokerto', 'hari', 'sama', 'berangkat', 'terimakasih', 'sehat', 'admin']"
positif,"['calon', 'tumpang', 'kereta', 'api', 'jarak', 'di', 'stasiun', 'pasar', 'senen', 'jakarta', 'pusat', 'padat', 'antri', 'tes', 'genose', 'rapid', 'test', 'antigen', 'laku', 'jalan', 'kereta', 'api', 'asb', 'salingjagadantetaptidakmudik']"
negatif,"['kena', 'sekat', 'tes', 'sekat', 'udah', 'macet', 'mau', 'ngetesnya', 'pun', 'pake', 'genose', 'jg', 'butuh', 'buat', 'ngetes', 'mudik', 'yg', 'lewat']"
positif,"['selamat', 'siang', 'kak', 'tumpang', 'ka', 'tawang', 'alun', 'ini', 'wajib', 'hasil', 'negatif', 'genose', 'rapid', 'test', 'antigen', 'pcr', 'informasi', 'lengkap', 'syarat', 'tentu', 'sila', 'cek', 'link', 'trims']"
positif,"['min', 'sya', 'udh', 'tes', 'genose', 'hasil', 'lihat', 'barcode', 'tp', 'blum', 'gmna', 'solusi', 'trimksh']"
positif,"['dear', 'min', 'buka', 'layan', 'genose', 'jam', 'brp', 'yaa', 'thanks']"
negatif,"['papa', 'gila', 'banget', 'mesen', 'tiket', 'kereta', 'buat', 'genose']"
negatif,"['langgar', 'prokes', 'tumpang', 'kapal', 'merak', 'desa', 'tes', 'genose']"
positif,"['tarif', 'ribu', 'calon', 'tumpang', 'informasi', 'kena', 'layan', 'periksa', 'genose', 'sila', 'cek', 'link', 'trims']"
positif,"['selamat', 'siang', 'min', 'mau', 'kait', 'update', 'protokol', 'wajib', 'hasil', 'tes', 'rapid', 'antigen', 'genose', 'itu', 'laku', 'tumpang', 'ka', 'tawang', 'alun', 'jadwal', 'berangkat', 'besok', 'tanggal', 'mei', 'terima', 'kasih']"
negatif,"['asa', 'pcr', 'swab', 'genose', 'fasilitas', 'sehat', 'ndak', 'padah', 'klo', 'orang', 'jakarta', 'bawa', 'petaka', 'ane', 'bolak', 'jakarta', 'bekas', 'jogja', 'alhamdulillah', 'fine']"
positif,"['min', 'layan', 'genose', 'stasiun', 'lempuyangan', 'ini', 'buka', 'jam', 'ya']"
negatif,"['aku', 'cerita', 'kmrn', 'wlwk', 'genose', 'divisi', 'ku', 'suruh', 'ngehandle', 'jg']"
positif,"['min', 'berangkat', 'hasil', 'genose', 'keluar', 'gimana', 'hasil', 'saran', 'min', 'yg', 'mau', 'brgkat', 'baik', 'kyk', 'wktu', 'rapid']"
positif,"['untuk', 'terbang', 'bandara', 'soekarno', 'hatta', 'antigen', 'antibody', 'genose']"
positif,"['min', 'stasiun', 'kroya', 'sedia', 'layan', 'genose', 'makasih']"
positif,"['ahli', 'epidemiologi', 'ui', 'saran', 'semua', 'dagang', 'pasar', 'tanah', 'abang', 'segera', 'laku', 'tes', 'swab', 'tes', 'rapid', 'antigen', 'tes', 'genose', 'massal', 'jika', 'yang', 'indikasi', 'positif', 'covid', 'segera', 'laku', 'karantina', 'hari']"
positif,"['selamat', 'pagi', 'kak', 'mohon', 'maaf', 'ketidaknyamanannya', 'kece', 'mohon', 'info', 'layan', 'genose', 'stasiun', 'serta', 'kendala', 'maksud', 'apa', 'trims']"
positif,"['akurasi', 'lebih', 'murah', 'genose', 'ganti', 'antigen']"
negatif,"['nganterin', 'mas', 'eksel', 'tes', 'genose', 'nyata', 'positif', 'udh', 'nginep', 'rumah', 'semalem']"
negatif,"['hampir', 'weekend', 'bandung', 'tegal', 'pp', 'berangkat', 'relatif', 'aman', 'sepi', 'jam', 'berangkat', 'kereta', 'malam', 'dini', 'tapi', 'tes', 'genose', 'swab', 'tempat', 'tes', 'genose', 'ruang', 'tunggu', 'ramai', 'min', 'antri', 'duduk', 'rapat', 'lain', 'cek', 'dm', 'min']"
positif,"['tanya', 'mas', 'genose', 'juanda', 'antri', 'gak', 'waktu', 'mas', 'test']"
positif,"['selamat', 'siang', 'jalan', 'ka', 'joglosemarkerto', 'perlu', 'lampir', 'surat', 'genose', 'test', 'rapid', 'test', 'antigen', 'pcr', 'swab', 'info', 'lengkap', 'syarat', 'untuk', 'jalan', 'ka', 'lokal', 'komuter', 'aglomerasi', 'sila', 'cek', 'link', 'trims']"
positif,"['saat', 'tumpang', 'ka', 'lokal', 'wajib', 'hasil', 'negatif', 'genose', 'rapid', 'test', 'antigen', 'pcr', 'informasi', 'lengkap', 'syarat', 'tentu', 'sila', 'cek', 'link', 'trims']"
positif,"['labuh', 'bakauheni', 'sedia', 'cek', 'genose', 'min']"
positif,"['tes', 'genose', 'laku', 'tumpang', 'kapal', 'mobil', 'merak']"
positif,"['genose', 'bisa', 'deteksi', 'varian']"
positif,"['kantong', 'udara', 'genose', 'sedia', 'hari', 'target', 'orang', 'tes', 'genose', 'laku', 'test', 'hasil', 'langsung', 'terima', 'jangka', 'menit']"
positif,"['badan', 'kelola', 'transportasi', 'jabodetabek', 'bptj', 'menteri', 'hubung', 'sedia', 'tes', 'genose', 'terminal', 'baranangsiang', 'infobogor', 'beritahariini', 'beritabogor', 'tesgenose', 'covid', 'welovebogor']"
positif,"['selamat', 'siang', 'min', 'untuk', 'ka', 'lokal', 'wajib', 'tes', 'genose', 'terimakasih', 'min']"
positif,"['selamat', 'pagi', 'kak', 'tumpang', 'ka', 'lokal', 'ini', 'wajib', 'hasil', 'negatif', 'genose', 'rapid', 'test', 'antigen', 'pcr', 'informasi', 'lengkap', 'syarat', 'tentu', 'sila', 'cek', 'link', 'trims']"
positif,"['min', 'terbang', 'kota', 'sblm', 'tgl', 'wajib', 'tes', 'rapid', 'antigen', 'genose', 'salah', 'saja', 'min']"
positif,"['hasil', 'negatif', 'tes', 'genose', 'bandar', 'udara', 'berangkat', 'seluruh', 'tumpang', 'wajib', 'isi', 'hac', 'electronic', 'health', 'alert', 'card', 'indonesia', 'lengkap', 'kamu', 'cek', 'moga', 'informasi', 'bantu', 'terima', 'kasih', 'by', 'py']"
positif,"['selamat', 'pagi', 'kak', 'sila', 'langsung', 'ke', 'stasiun', 'layan', 'genose', 'stasiun', 'pasar', 'senen', 'wib', 'antre', 'wib', 'kondisional', 'posisi', 'dekat', 'pintu', 'samping', 'musala', 'trims']"
positif,"['alhamdulilahh', 'labuh', 'bakauheni', 'bsa', 'genose', 'rapid', 'antigen']"
negatif,"['bisnis', 'swab', 'ribu', 'usai', 'karna', 'tes', 'genose', 'murah', 'vaksin', 'dijadiin', 'ladang', 'bisnis', 'peras', 'rakyat', 'wakil', 'rakyat', 'para', 'jabat', 'vaksin', 'gratis', 'top']"
positif,"['puluh', 'unjung', 'warkop', 'tes', 'genose']"
positif,"['untuk', 'layan', 'genose', 'test', 'st', 'kiaracondong', 'pukul', 'wib', 'trims']"
positif,"['genose', 'murah', 'sih', 'mik']"
positif,"['mohon', 'maaf', 'ini', 'sedia', 'layan', 'genose', 'stasiun', 'cilacap', 'alternatif', 'sila', 'laku', 'periksa', 'genose', 'stasiun', 'purwokerto', 'wib', 'jumat', 'minggu', 'dengan', 'pukul', 'wib', 'antre', 'kondisional']"
positif,"['selamat', 'pagi', 'kak', 'ini', 'laku', 'surat', 'terang', 'hasil', 'genose', 'pcr', 'rapid', 'test', 'antigen', 'jam', 'ambil', 'sampel', 'laku', 'informasi', 'lengkap', 'sila', 'cek', 'link']"
positif,"['surat', 'terang', 'hasil', 'negatif', 'covid', 'dasar', 'pcr', 'genose', 'rapid', 'test', 'antigen', 'sampel', 'ambil', 'kurun', 'maksimal', 'jam', 'berangkat', 'ini', 'sesuai', 'adendum', 'surat', 'edar', 'tugas', 'tangan', 'covid', 'nomor', 'trims']"
positif,"['selamat', 'pagi', 'layan', 'periksa', 'genose', 'stasiun', 'bekas', 'pukul', 'wib', 'antre', 'kondisional', 'lokasi', 'di', 'parkir', 'utara', 'stasiun', 'bekas', 'trims']"
negatif,"['genose', 'kereta', 'pake', 'genose', 'yg', 'kadang', 'adil', 'rata', 'uang', 'kuasa', 'mudik']"
positif,"['selamat', 'pagi', 'kak', 'layan', 'genose', 'stasiun', 'purwokerto', 'operasi', 'pukul', 'wib', 'khusus', 'jumat', 'minggu', 'pukul', 'wib', 'anter', 'sifat', 'kondisional', 'sila', 'laku', 'periksa', 'genose', 'sudah', 'masuk', 'jam']"
positif,"['jaga', 'jaga', 'bawa', 'genose', 'nder']"
negatif,"['genose', 'belum', 'promosi', 'murah', 'nyata', 'patok', 'harga', 'percaya', 'govt', 'sama', 'musyrik']"
negatif,"['berita', 'kan', 'metode', 'tes', 'gimana', 'pakai', 'genose', 'rapid', 'tingkat', 'slah', 'apalagi', 'asal', 'acak', 'gak', 'puasa', 'jam', 'atau', 'pcr', 'valid', 'mahal', 'eman', 'buat', 'tes', 'acak']"
positif,"['new', 'post', 'genose', 'bisa', 'deteksi', 'varian', 'has', 'been', 'published', 'on', 'baca', 'pesan']"
positif,"['tes', 'genose', 'st', 'bekas', 'jam', 'dampai', 'jam', 'ya']"
positif,"['selamat', 'pagi', 'kak', 'railmin', 'bantu', 'kece', 'jadwal', 'layan', 'rencana', 'laku', 'periksa', 'genose', 'stasiun']"
positif,"['halo', 'min', 'tgl', 'mei', 'terbang', 'juanda', 'palembang', 'transit', 'soetta', 'rencana', 'mau', 'ambil', 'tes', 'genose', 'juanda', 'itu', 'hasil', 'genosenya', 'dipake', 'saat', 'transit', 'di', 'soetta', 'tq']"
positif,"['min', 'sdh', 'vaksin', 'kali', 'harus', 'tes', 'rapid', 'genose', 'stasiun']"
negatif,"['cape', 'cape', 'genose', 'periksa', 'bgst']"
positif,"['kak', 'kmren', 'pas', 'pulang', 'harus', 'st', 'senen', 'tes', 'genose', 'di', 'stasiun', 'bekas']"
positif,"['layan', 'sedia', 'dari', 'wib', 'wib']"
positif,"['layan', 'genose', 'stasiun', 'yogyakarta', 'pukul', 'wib', 'antre', 'kondisional', 'lokasi', 'ruang', 'tunggu', 'stasiun', 'belah', 'selatan', 'trims']"
positif,"['halo', 'kai', 'jadwal', 'genose', 'rapidtest', 'stasiun', 'madiun', 'buka', 'jam', 'brp', 'tutup', 'jam', 'brp']"
positif,"['selamat', 'pagi', 'calon', 'tumpang', 'ka', 'lokal', 'ini', 'wajib', 'hasil', 'negatif', 'genose', 'rapid', 'test', 'antigen', 'pcr', 'informasi', 'lengkap', 'syarat', 'tentu', 'sila', 'cek', 'link', 'trims']"
positif,"['mei', 'antigen', 'genose', 'laku', 'atau', 'ke']"
positif,"['tes', 'genose', 'terap', 'gilimanuk', 'padangbai', 'susul', 'berita', 'nusabali', 'pelabuhangilimanuk', 'pandemi', 'genose', 'ptkimiafarma', 'covid']"
negatif,"['baru', 'sadar', 'lama', 'lapor', 'dasar', 'hasil', 'pcr', 'jadi', 'gunung', 'es', 'pantes', 'stabil', 'gelombang', 'pcr', 'mahal', 'yg', 'murah', 'spt', 'genose', 'pakai', 'bangsa', 'doyan', 'yg', 'mahal', 'high', 'cost']"
positif,"['maaf', 'min', 'tanya', 'genose', 'bisa', 'langsung', 'laku', 'waktu', 'berangkat', 'stasiun', 'purwokerto', 'maksud', 'layan', 'test', 'sedia', 'jadwal', 'berangkat', 'kereta', 'malam']"
positif,"['min', 'tanya', 'jam', 'operasional', 'layan', 'genose']"
positif,"['selamat', 'pagi', 'saat', 'tumpang', 'ka', 'lokal', 'wajib', 'lampir', 'surat', 'terang', 'hasil', 'genose', 'rapid', 'test', 'antigen', 'pcr', 'info', 'lengkap', 'kait', 'sila', 'cek', 'link', 'trims']"
positif,"['selamat', 'pagi', 'kak', 'ini', 'layan', 'genose', 'sedia', 'stasiun', 'pasar', 'senen', 'gambir', 'bekas', 'bandung', 'kiaracondong', 'tasikmalaya', 'banjar', 'cirebon', 'cirebon', 'prujakan', 'jatibarang', 'semarang', 'tawang', 'semarang', 'poncol', 'tegal', 'kalong', 'cepu', 'purwokerto', 'kutoarjo']"
negatif,"['cek', 'dm', 'min', 'hasil', 'tes', 'genose', 'yg', 'barenagan', 'udh']"
positif,"['min', 'izin', 'jika', 'berangkat', 'kereta', 'stasiun', 'surabaya', 'pasar', 'turi', 'saya', 'laku', 'genose', 'stasiun', 'sidoarjo', 'tidak', 'apa', 'min']"
negatif,"['empat', 'booth', 'genose', 'buka', 'astagaaaa', 'ngantri', 'bgt', 'iniii', 'jelek', 'bgt', 'siihhh', 'manajemen', 'nyaaa', 'anjg']"
positif,"['putus', 'tes', 'genose', 'syukur', 'negatif', 'sampek', 'kantor', 'dpt', 'kabar', 'rekan', 'cov', 'kemaren', 'buruk', 'trus', 'kantor', 'poliklinik', 'panggiling', 'yg', 'ruang', 'beliau', 'introgasi', 'untung', 'ibu', 'baru', 'bgt', 'tes', 'genose', 'aman']"
positif,"['wajib', 'surat', 'terang', 'hasil', 'negatif', 'tes', 'pcr', 'rapid', 'test', 'antigen', 'tes', 'genose', 'sampel', 'ambil', 'stasiun', 'kurun', 'maksimal', 'jam', 'berangkat', 'trims']"
positif,"['min', 'stasiun', 'sidareja', 'sudah', 'sedia', 'genose']"
positif,"['tarif', 'rapid', 'test', 'antigen', 'stasiun', 'ribu', 'calon', 'tumpang', 'tarif', 'genose', 'ribu', 'calon', 'tumpang', 'trims']"
negatif,"['bisabisanya', 'aplikasi', 'daftar', 'genose', 'ada', 'android', 'alhasil', 'antri', 'panjang', 'bandara', 'lame', 'ass']"
positif,"['yg', 'tes', 'genose', 'tawang', 'bisa', 'ya', 'dateng', 'lgsg', 'sana', 'biasa', 'tutup', 'jam', 'dips']"
positif,"['kak', 'sila', 'laku', 'periksa', 'pasuk', 'jam', 'jadwal', 'berangkat', 'ka', 'tetap', 'sesuai', 'operasional', 'layan', 'genose', 'stasiun', 'trims']"
positif,"['genose', 'udah', 'sebar', 'stasiun', 'aja', 'min', 'weleri', 'semarang', 'blm', 'ya']"
positif,"['antre', 'pukul', 'wib', 'kondisional', 'layan', 'genose', 'operasi', 'pukul', 'wib', 'antre', 'pukul', 'wib', 'kondisional', 'trims']"
negatif,"['sampe', 'genose', 'jelas', 'kaji', 'ilmiah', 'jurnal', 'bom', 'liat', 'batang', 'hidung', 'ya', 'gitu', 'anu', 'semua', 'indo', 'mah', 'emang', 'beda']"
positif,"['selamat', 'pagi', 'kak', 'hasil', 'periksa', 'genose', 'rapid', 'test', 'antigen', 'keluar', 'hari', 'sama', 'dapat', 'tunggu', 'menit', 'ambil', 'sampel', 'tetap', 'sesuai', 'jumlah', 'antre', 'periksa', 'trims']"
positif,"['selamat', 'pagi', 'kak', 'layan', 'genose', 'test', 'st', 'yogyakarta', 'tugu', 'posisi', 'di', 'ruang', 'tunggu', 'stasiun', 'belah', 'selatan', 'trims']"
positif,"['layan', 'rapid', 'test', 'antigen', 'pukul', 'wib', 'antre', 'kondisional', 'lokasi', 'layan', 'genose', 'rapid', 'test', 'antigen', 'parkir', 'utara', 'stasiun', 'bandung', 'trims']"
positif,"['sila', 'pilih', 'salah', 'ya', 'genose', 'rapid', 'test', 'antigen', 'saat', 'berangkat', 'surat', 'terang', 'masih', 'laku', 'layan', 'genose', 'stasiun', 'bandung', 'pukul', 'wib', 'antre', 'kondisional']"
positif,"['ini', 'langsung', 'cek', 'genose', 'min']"
negatif,"['cikampek', 'sedia', 'mim', 'tinggal', 'karawang', 'sekitar', 'tes', 'genose', 'repot', 'ke', 'bekas', 'min', 'mohon', 'maaf', 'masuk', 'min', 'terima', 'kasih']"
positif,"['min', 'hasil', 'genose', 'swap', 'antigen', 'st', 'gmr', 'psekeluarnya', 'lama', 'terima', 'kasih']"
positif,"['tau', 'bawa', 'terang', 'rapid', 'genose', 'kalo', 'ketat', 'tetep', 'lanjut', 'jalan']"
positif,"['lokasi', 'genose', 'untuk', 'yogyakarta']"
positif,"['selamat', 'pagi', 'tumpang', 'ka', 'jarak', 'wajib', 'lampir', 'salah', 'dari', 'hasil', 'negatif', 'genose', 'pcr', 'rapid', 'test', 'antigen', 'info', 'lengkap', 'cek', 'link', 'rencana', 'ikut', 'periksa', 'stasiun', 'kak']"
negatif,"['testing', 'pake', 'genose', 'lebih', 'tes', 'pas', 'jam', 'buka', 'puasa', 'genose', 'false', 'positivenya', 'banget', 'untuk', 'orang', 'baru', 'makan', 'ngerokok']"
positif,"['periode', 'pra', 'tiada', 'mudik', 'pada', 'tanggal', 'april', 'mei', 'pasca', 'tiada', 'mudik', 'tanggal', 'mei', 'wajib', 'surat', 'terang', 'hasil', 'negatif', 'tes', 'pcr', 'rapid', 'test', 'antigen', 'tes', 'genose']"
positif,"['mudik', 'penuh', 'labuh', 'merak', 'jelang', 'sahur', 'minggu', 'kerumun', 'antre', 'tes', 'genose', 'via']"
positif,"['selamat', 'pagi', 'kak', 'ini', 'genose', 'laku', 'jam', 'ambil', 'sampel', 'laku', 'sila', 'laku', 'periksa', 'pasuk', 'jam', 'berangkat', 'ka', 'tetap', 'sesuai', 'jam', 'layan', 'genose', 'stasiun']"
positif,"['pandemi', 'india', 'lawan', 'buta', 'akibat', 'diabetes', 'bantu', 'ai', 'so', 'why', 'can', 'us', 'fight', 'covid', 'using', 'genose', 'menteri']"
negatif,"['kemaren', 'pergi', 'mall', 'ada', 'jl', 'merdeka', 'isi', 'penuh', 'org', 'beli', 'baju', 'bedug', 'saat', 'buka', 'puasa', 'rela', 'ngemper', 'lantai', 'kumpul', 'perlu', 'swab', 'antigen', 'genose', 'thermo', 'gun', 'security', 'asal', 'angka', 'ahh', 'negeri', 'memang', 'aneh']"
negatif,"['iya', 'li', 'gue', 'ngerti', 'dunia', 'dokter', 'memang', 'sulit', 'terima', 'genose', 'kan', 'ai', 'gue', 'nggak', 'maksud', 'aku', 'internasional', 'kalau', 'udah', 'pakai', 'masal', 'percaya', 'tingkat', 'akurasi', 'lalu', 'nggak', 'juga', 'data']"
positif,"['selamat', 'pagi', 'kak', 'ini', 'genose', 'laku', 'jam', 'ambil', 'sampel', 'laku', 'sudah', 'tentu', 'sila', 'laku', 'periksa', 'trims']"
negatif,"['min', 'tanya', 'jadwal', 'kereta', 'jam', 'malam', 'genose', 'jam']"
positif,"['selamat', 'pagi', 'min', 'siang', 'naik', 'kereta', 'banyuwangi', 'tuju', 'surabaya', 'hasil', 'genose', 'saya', 'dari', 'banyuwangi', 'surabaya', 'laku', 'bisa', 'untuk', 'dari', 'surabaya', 'jakarta']"
positif,"['genose', 'beda', 'pcr', 'kang', 'so', 'bisa', 'dimasukkin', 'angka', 'testing', 'covid', 'gold', 'standard', 'test', 'covid', 'seluruh', 'dunia', 'pcr']"
positif,"['satgas', 'covid', 'seluruh', 'dagang', 'pasar', 'tanah', 'abang', 'jakarta', 'pusat', 'segera', 'laku', 'tes', 'swab', 'tes', 'rapid', 'antigen', 'tes', 'genose', 'satgas', 'covid', 'sayang', 'kerumun', 'orang', 'satu', 'di', 'pasar', 'tanah', 'abang', 'sabtu', 'kemarin']"
positif,"['wakil', 'gubernur', 'dki', 'jakarta', 'sayang', 'kerumun', 'warga', 'pasar', 'tanah', 'abang', 'jakarta', 'pusat', 'sabtu', 'kemarin', 'wakil', 'gubernur', 'perintah', 'pasar', 'tanah', 'abang', 'tutup', 'waktu', 'semua', 'dagang', 'tes', 'swab', 'tes', 'rapid', 'antigen', 'tes', 'genose', 'ini']"
positif,"['walikota', 'jakarta', 'pusat', 'nyata', 'semua', 'dagang', 'pasar', 'tanah', 'abang', 'segera', 'laku', 'tes', 'swab', 'tes', 'rapid', 'antigen', 'tes', 'genose', 'tahu', 'mereka', 'positif', 'covid', 'tidak', 'ini', 'hari', 'covid', 'jakarta', 'tinggi', 'indonesia']"
positif,"['pagi', 'sahabat', 'sedia', 'layan', 'genose', 'bandar', 'udara', 'el', 'tari', 'kupang', 'letak', 'seberang', 'pick', 'up', 'zone', 'area', 'parkir', 'kendara', 'terminal', 'berangkat', 'fasilitas', 'operasi', 'hari', 'wita', 'kena', 'biaya', 'rp', 'tks', 'fika']"
positif,"['informasi', 'kena', 'layan', 'periksa', 'genose', 'sila', 'cek', 'link', 'trims']"
positif,"['layan', 'genose', 'stasiun', 'gambir', 'pukul', 'wib', 'antre', 'kondisional', 'lokasi', 'area', 'parkir', 'utara', 'gerai', 'indomaret']"
positif,"['selamat', 'pagi', 'kak', 'sudah', 'pesan', 'genose', 'via', 'kaiaccess', 'periksa', 'dapat', 'laku', 'stasiun', 'gambir', 'pasar', 'senen', 'rencana', 'ke', 'stasiun']"
positif,"['genose', 'bisa']"
positif,"['pagi', 'min', 'tanya', 'sudah', 'tiket', 'berangkat', 'ps', 'senen', 'pesan', 'cek', 'genose', 'via', 'kaiaccess', 'rencana', 'cek', 'genose', 'gambir', 'tidak', 'terima', 'kasih']"
positif,"['min', 'udah', 'sen', 'tes', 'genose', 'via', 'app', 'kai', 'bisa', 'pakai', 'tes', 'stasiun', 'saja']"
negatif,"['yth', 'menteri', 'data', 'tes', 'genose', 'akumulasi', 'publikasi', 'rakyat', 'tau', 'test', 'udah', 'valid', 'angka', 'internasional', 'pakai', 'pcr', 'olah', 'negara', 'tinggal', 'nggak']"
positif,"['selamat', 'pagi', 'kak', 'layan', 'genose', 'stasiun', 'yogyakarta', 'tugu', 'operasi', 'hari', 'wib', 'antre', 'kondisional', 'lokasi', 'di', 'ruang', 'tunggu', 'stasiun', 'belah', 'selatan', 'tarif', 'ribu', 'rupiah', 'trims']"
negatif,"['cape', 'ngantri', 'genose', 'eh', 'malah', 'gabisa', 'suruh', 'antigen', 'dah', 'bayar', 'antri', 'depan', 'malah', 'bisa', 'tes', 'genose', 'sebel']"
positif,"['selamat', 'pagi', 'layan', 'genose', 'sedia', 'stasiun', 'kiaracondong', 'operasi', 'hari', 'wib', 'antre', 'kondisional', 'letak', 'depan', 'ruang', 'customer', 'service', 'tarif', 'ribu', 'rupiah', 'trims']"
positif,"['video', 'tes', 'genose', 'terminal', 'baranangsiang', 'bogor', 'laku', 'indonesia']"
positif,"['bos', 'layan', 'genose', 'stasiun', 'tugu', 'yk', 'jam', 'brp']"
positif,"['min', 'layan', 'tes', 'genose', 'stasiun', 'kiaracondong', 'gak', 'kalo', 'operasi', 'jam', 'aja', 'terima', 'kasih']"
positif,"['top', 'tekno', 'berita', 'kemarin', 'genose', 'lawan', 'mutasi', 'corona', 'kri', 'nanggala', 'tempotekno']"
positif,"['calon', 'tumpang', 'kapal', 'labuh', 'merak', 'bingung', 'guna', 'genose', 'cerita']"
positif,"['tapi', 'genose']"
positif,"['pake', 'genose', 'tp', 'aja', 'kmrn', 'dpt', 'info', 'dr', 'tmn', 'pnya', 'kenal', 'krja', 'kai', 'mau', 'kereta', 'kota', 'hrs', 'pnya', 'surat', 'izin', 'masuk', 'daerah', 'jg', 'nder', 'bisa', 'pergi', 'balik', 'lg', 'cmiiw']"
positif,"['udah', 'tes', 'genose', 'aja']"
positif,"['top', 'tekno', 'berita', 'kemarin', 'genose', 'lawan', 'mutasi', 'corona', 'kri', 'nanggala']"
positif,"['alam', 'covid', 'dari', 'antibodi', 'antigen', 'smpe', 'genose']"
positif,"['selamat', 'pagi', 'kak', 'layan', 'genose', 'stasiun', 'gambir', 'operasi', 'hari', 'pukul', 'antri', 'kondisional', 'di', 'stasiun', 'pasar', 'senen', 'pukul', 'antri', 'kondisional', 'tarif', 'layan', 'genose', 'ribu']"
positif,"['selamat', 'pagi', 'layan', 'genose', 'test', 'stasiun', 'gombong', 'pukul', 'wib', 'antre', 'kondisional', 'letak', 'gedung', 'dekat', 'pintu', 'masuk', 'parkir', 'trims']"
positif,"['selamat', 'pagi', 'anak', 'usia', 'tahun', 'jalan', 'ka', 'jarak', 'tidak', 'wajib', 'rapid', 'antigen', 'genose', 'test', 'kak', 'trims']"
positif,"['malam', 'min', 'jam', 'buka', 'tes', 'genose', 'stasiun', 'gombong', 'jamberapa', 'yaa']"
positif,"['layan', 'genose', 'test', 'stasiun', 'surabaya', 'pasar', 'turi', 'buka', 'pukul', 'wib', 'antre', 'kondisional', 'letak', 'area', 'customer', 'service', 'trims']"
positif,"['usia', 'th', 'perlu', 'tes', 'genose', 'min']"
negatif,"['cegat', 'antigen', 'genose', 'tengah', 'awto', 'terobos', 'wae']"
positif,"['hai', 'nanya', 'jadwal', 'test', 'genose', 'rapid', 'test', 'stasiun', 'senen', 'gambir', 'pukul', 'brp', 'pukul', 'brp', 'yak']"
negatif,"['tes', 'genose', 'bsk', 'ngantri', 'kek', 'mlipir', 'ksp', 'pake', 'ngantri', 'ga', 'pake', 'bayar', 'tp', 'alas', 'sana', 'paan', 'yak']"
positif,"['selamat', 'pagi', 'layan', 'genose', 'test', 'stasiun', 'surabaya', 'gubeng', 'buka', 'pukul', 'wib', 'antre', 'kondisional', 'letak', 'belah', 'rapid', 'antigen', 'indomaret', 'trims']"
positif,"['ga', 'rumah', 'sm', 'mas', 'tp', 'pas', 'sakit', 'kemaren', 'sempet', 'jenguk', 'pas', 'blm', 'swab', 'sekarang', 'takut', 'besok', 'mo', 'pulang', 'kereta', 'tes', 'genose', 'takut', 'misal', 'hasil', 'positif', 'moga', 'negatiff']"
positif,"['min', 'ka', 'aglomerasi', 'kaligung', 'ikut', 'bijak', 'tunjuk', 'syarat', 'rapid', 'genose']"
positif,"['selamat', 'malam', 'daftar', 'periksa', 'genose', 'via', 'aplikasi', 'kai', 'access', 'sedia', 'stasiun', 'gambir', 'pasar', 'senen', 'berangkat', 'stasiun', 'sila', 'laku', 'daftar', 'periksa', 'langsung']"
positif,"['layan', 'genose', 'stasiun', 'bandung', 'operasi', 'wib', 'antre', 'kondisional', 'letak', 'parkir', 'utara', 'stasiun', 'bandung', 'tumpang', 'imbau', 'sisih', 'yang', 'saat', 'tes', 'genose', 'hindar', 'tinggal', 'ka', 'trims']"
positif,"['selamat', 'malam', 'mohon', 'maaf', 'sedia', 'periksa', 'genose', 'stasiun', 'cimahi', 'sila', 'laku', 'periksa', 'tiap', 'stasiun', 'layan', 'dengan', 'sesuai', 'ya']"
positif,"['jumlah', 'kata', 'panut', 'unit', 'edar', 'unit', 'tunggu', 'pasang', 'utama', 'kemenhub']"
positif,"['laku', 'tes', 'genose', 'acak', 'prosedur', 'terminal', 'baranangsiang', 'newsrctiplus']"
positif,"['layan', 'tes', 'genose', 'stasiun', 'gubeng', 'buka', 'jam', 'min', 'thx']"
positif,"['iya', 'mo', 'nyoba', 'genose', 'gamau', 'tusuk', 'idungnya']"
positif,"['moga', 'gua', 'genose', 'gua', 'gamau', 'rapid']"
negatif,"['min', 'saya', 'tes', 'genose', 'hasil', 'sedia', 'ya', 'scan', 'barcode', 'tes', 'jam', 'sore', 'ini', 'min']"
negatif,"['ngantok', 'bang', 'besok', 'pagi', 'mo', 'tes', 'genose', 'rs']"
positif,"['pagi', 'sudah', 'packing', 'siang', 'genose', 'malam', 'bgt', 'berangkat', 'eh', 'sore', 'reschedule', 'suatu', 'yg', 'tahu', 'bulat']"
negatif,"['hasil', 'periksa', 'genose', 'keluar', 'hari', 'sama', 'tunggu', 'menit', 'ambil', 'sampel', 'trims']"
positif,"['milyar', 'kantor', 'keluar', 'tangan', 'covid', 'hanya', 'sembuh', 'juga', 'cegah', 'masker', 'sanitizer', 'sekat', 'kaca', 'tempat', 'rapat', 'alokasi', 'internet', 'wfh', 'vitamin', 'nutrisi', 'air', 'purifier', 'alat', 'test', 'tmsk', 'genose', 'cuma', 'modal', 'cuplik']"
positif,"['iyaa', 'antigen', 'genose', 'kemarin']"
positif,"['calon', 'tumpang', 'laku', 'periksa', 'hitung', 'sehingga', 'saat', 'berangkat', 'laku', 'hasil', 'genose', 'test', 'lebih', 'jam', 'ambil', 'sampel']"
positif,"['daftar', 'periksa', 'genose', 'bisa', 'laku', 'langsung', 'stasiun', 'layan', 'genose', 'stasiun', 'pasar', 'senen', 'pukul', 'wib', 'antre', 'pukul', 'wib', 'kondisional', 'tarif', 'ribu']"
positif,"['syarat', 'punya', 'tiket', 'jarak', 'yg', 'lunas', 'brrti', 'min', 'genose', 'gaperlu', 'makan', 'minum', 'periksa']"
positif,"['pada', 'berangkat', 'laku', 'hasil', 'genose', 'test', 'lebih', 'jam', 'ambil', 'sampel', 'antisipasi', 'padat', 'antre', 'railmin', 'imbau', 'sesuai', 'periksa', 'rencana', 'laku', 'periksa', 'tanggal', 'mei']"
positif,"['selamat', 'malam', 'ini', 'layan', 'genose', 'stasiun', 'pasar', 'senen', 'sedia', 'pukul', 'wib', 'antre', 'pukul', 'wib', 'kondisional', 'calon', 'tumpang', 'laku', 'periksa', 'hitung']"
positif,"['test', 'genose', 'labuh', 'merak', 'sedia', 'sila', 'berkordinasi', 'tugas', 'lapang', 'dapat', 'arah', 'kami', 'saran', 'sudah', 'bawa', 'surat', 'terang', 'bebas', 'covid', 'pcr', 'rapid']"
positif,"['halo', 'kak', 'dapat', 'rapid', 'test', 'antigen', 'isi', 'ehac', 'syarat', 'terbang', 'tdk', 'lengkap', 'genose', 'test', 'mohon', 'agar', 'hasil', 'rapid', 'test', 'antigen', 'masih', 'laku', 'tks', 'owi']"
positif,"['selamat', 'malam', 'sila', 'laku', 'periksa', 'genose', 'test', 'tiap', 'stasiun', 'layan', 'dengan', 'sesuai', 'berangkat', 'rencana', 'laku', 'periksa', 'stasiun']"
positif,"['min', 'tgl', 'mei', 'tes', 'genose', 'st', 'pasar', 'senen', 'buka']"
positif,"['kak', 'milik', 'tiket', 'jalan', 'ka', 'jarak', 'dengan', 'status', 'lunas', 'layan', 'genose', 'stasiun', 'bandung', 'buka', 'pukul', 'wib', 'antre', 'kondisional', 'letak', 'parkir', 'utara', 'stasiun', 'bandung', 'trims']"
positif,"['selamat', 'malam', 'kak', 'ini', 'laku', 'hasil', 'negatif', 'genose', 'pcr', 'rapid', 'antigen', 'jam', 'ambil', 'sample', 'lengkap', 'sila', 'cek', 'link', 'trims']"
positif,"['layan', 'genose', 'stasiun', 'pasar', 'senen', 'operasi', 'wib', 'antre', 'wib', 'kondisional', 'tarif', 'rp', 'tumpang', 'imbau', 'sisih', 'yang', 'saat', 'tes', 'genose', 'hindar', 'tinggal', 'ka', 'ada', 'antre', 'trims']"
positif,"['halo', 'sudah', 'sen', 'kereta', 'kota', 'lupa', 'pilih', 'tes', 'genose', 'bisa', 'daftar', 'tempat', 'genose', 'berangkat']"
positif,"['permisi', 'tanya', 'genose', 'berapa', 'ya']"
positif,"['berangkat', 'st', 'kiaracondong', 'tgl', 'mei', 'min', 'bisa', 'tes', 'genose', 'st', 'bandung', 'harus', 'di', 'st', 'berangkat']"
positif,"['rapid', 'test', 'swab', 'genose', 'pcr', 'ini', 'jadi', 'syarat', 'wajib', 'krl', 'tetap', 'jaga', 'sehat', 'kami', 'wajib', 'protokol', 'sehat', 'masker', 'patuh', 'marka', 'stasiun', 'krl', 'cuci', 'tangan', 'jaga', 'jarak', 'tks']"
positif,"['sila', 'langsung', 'laku', 'periksa', 'genose', 'stasiun', 'layan', 'guna', 'railmin', 'info', 'jam', 'operasional', 'rencana', 'periksa', 'stasiun']"
negatif,"['puluh', 'mahasiswa', 'gelar', 'aksi', 'demo', 'buruh', 'palembang', 'tolak', 'tugas', 'tes', 'genose', 'publisherstory']"
positif,"['mohon', 'maaf', 'ini', 'layan', 'mesan', 'periksa', 'genose', 'aplikasi', 'kai', 'access', 'dapat', 'bagi', 'tumpang', 'berangkat', 'gambir', 'pasar', 'senen', 'sudah', 'milik', 'tiket', 'ka', 'jarak', 'status', 'lunas']"
positif,"['periksa', 'genose', 'integrasi', 'kai', 'access', 'ini', 'sedia', 'dapat', 'layan', 'stasiun', 'gambir', 'stasiun', 'pasar', 'senen', 'railmin', 'informasi', 'jam', 'operasional', 'rencana', 'datang', 'stasiun']"
positif,"['selamat', 'malam', 'sedia', 'layan', 'test', 'genose', 'stasiun', 'purwokerto', 'wib', 'jumat', 'minggu', 'wib', 'antre', 'kondisional', 'tarif', 'rp', 'posisi', 'di', 'pintu', 'barat', 'stasiun', 'trims']"
positif,"['ribu', 'tumpang', 'kereta', 'api', 'padat', 'stasiun', 'senen', 'pulang', 'kampung', 'halaman', 'jelang', 'larang', 'mudik', 'lebaran', 'akan', 'terap', 'perintah', 'tekan', 'sebar', 'covid', 'vivacoid', 'genose', 'mudik', 'kertaapi']"
positif,"['jalan', 'ka', 'sila', 'dapat', 'laku', 'periksa', 'genose', 'rencana', 'tes', 'genose', 'stasiun']"
positif,"['test', 'genose', 'dapat', 'laku', 'klinik', 'sila', 'test', 'antigen', 'pcr', 'kak', 'trims']"
positif,"['min', 'tanya', 'ketika', 'pilih', 'book', 'genose', 'terang', 'kaya', 'gin', 'brrti', 'udh', 'gabisa', 'lg', 'book']"
positif,"['railmin', 'saran', 'periksa', 'genose', 'laku', 'pagi', 'upaya', 'cegah', 'antre', 'sifat', 'kondisional', 'kerumun', 'massal', 'trims']"
positif,"['iya', 'tanggal', 'aku', 'pake', 'antigen', 'sebenernya', 'opsi', 'genose', 'langsung', 'bandara']"
positif,"['selamat', 'malam', 'mohon', 'maaf', 'kait', 'sebut', 'railmin', 'dapat', 'karena', 'antre', 'genose', 'stasiun', 'sifat', 'kondisional', 'trims']"
negatif,"['mahasiswa', 'palembang', 'ingat', 'buruh', 'mayday', 'belum', 'gelar', 'mimbar', 'bebas', 'wajib', 'laksana', 'tes', 'genose']"
positif,"['sudah', 'pesan', 'tiket', 'berangkat', 'tgl', 'mei', 'saya', 'pesan', 'layan', 'genose', 'saya', 'punya', 'surat', 'hasil', 'tes', 'gimana', 'solusi', 'min']"
positif,"['pada', 'berangkat', 'laku', 'hasil', 'uji', 'test', 'genose', 'lebih', 'jam', 'ambil', 'sampel', 'rencana', 'laku', 'periksa', 'stasiun']"
positif,"['selamat', 'malam', 'laku', 'uji', 'test', 'genose', 'telah', 'pasuk', 'kurun', 'jam', 'jadwal', 'berangkat', 'calon', 'tumpang', 'laku', 'periksa', 'hitung']"
positif,"['hari', 'juga', 'liat', 'syarat', 'aksi', 'tes', 'genose']"
positif,"['soetta', 'tes', 'genose', 'si', 'gais']"
positif,"['gimana', 'kak', 'ramai', 'antri', 'genose', 'gambir']"
positif,"['sans', 'dedi', 'udah', 'genose', 'negatif', 'sisa', 'nolep']"
positif,"['selamat', 'malam', 'layan', 'genose', 'stasiun', 'gambir', 'antri', 'kondisional', 'test', 'genose', 'laku', 'hari', 'berangkat', 'mohon', 'lebih', 'agar', 'tinggal', 'ka', 'hindar', 'padat', 'antre', 'trims']"
positif,"['nanya', 'hari', 'jadi', 'lonjak', 'genose', 'antigen', 'stasiun', 'gambir']"
positif,"['selamat', 'malam', 'ini', 'mesan', 'genose', 'via', 'aplikasi', 'kai', 'access', 'untuk', 'berangkat', 'stasiun', 'gambir', 'pasar', 'senen', 'info', 'lengkap', 'sila', 'cek', 'trims']"
positif,"['min', 'besok', 'rencana', 'naik', 'kereta', 'jawa', 'timur', 'untuk', 'tes', 'genose', 'dtg', 'jam', 'jam', 'berangkat', 'saya', 'berangkat', 'jam']"
positif,"['ini', 'laku', 'hasil', 'uji', 'test', 'rapid', 'antigen', 'genose', 'lebih', 'jam', 'ambil', 'sampel', 'railmin', 'info', 'hasil', 'periksa', 'genose', 'test', 'luar', 'stasiun', 'dapat', 'bagai', 'syarat', 'ka', 'jarak', 'ya', 'trims']"
positif,"['selamat', 'malam', 'mohon', 'maaf', 'kece', 'mohon', 'informasi', 'kode', 'booking', 'tiket', 'capture', 'kode', 'qr', 'genose', 'via', 'dm', 'trims']"
negatif,"['kordinasi', 'kondusip', 'uud', 'yaaawww', 'heha', 'heha', 'heha', 'yehaaa', 'pulang', 'kampung', 'cuuuuuk', 'usah', 'pake', 'mobil', 'yes', 'ngebus', 'ae', 'cuuk', 'antigen', 'genose', 'kelaaar', 'kelar', 'kelaar', 'cuan', 'dokter', 'epson', 'kang', 'sticker', 'nich']"
positif,"['geh', 'nanya', 'bandara', 'flight', 'jakarta', 'pake', 'genose', 'kan', 'usah', 'antigen', 'makas', 'udah']"
positif,"['sen', 'genose', 'aplikasi', 'kai', 'gimana']"
positif,"['pada', 'berangkat', 'laku', 'hasil', 'genose', 'test', 'lebih', 'jam', 'ambil', 'sampel', 'antisipasi', 'padat', 'antre', 'railmin', 'imbau', 'sesuai', 'periksa', 'trims']"
positif,"['selamat', 'malam', 'layan', 'genose', 'stasiun', 'gombong', 'sedia', 'pukul', 'wib', 'antre', 'kondisional', 'calon', 'tumpang', 'laku', 'periksa', 'hitung']"
positif,"['halo', 'tes', 'genose', 'jam', 'saat', 'kenapa', 'ada', 'hasil', 'kai', 'access', 'terima', 'kasih']"
positif,"['klinik', 'rapid', 'genose', 'jadwal', 'jam', 'min']"
positif,"['april', 'arti', 'pake', 'antigen', 'genose', 'iya', 'sembari', 'cari', 'info']"
positif,"['selamat', 'malam', 'tumpang', 'ka', 'jarak', 'wajib', 'lampir', 'salah', 'dari', 'hasil', 'negatif', 'genose', 'test', 'pcr', 'rapid', 'test', 'antigen', 'info', 'lengkap', 'cek', 'link', 'trims']"
negatif,"['halo', 'admin', 'tanya', 'hasil', 'genose', 'keluar', 'sudah', 'dari', 'jam', 'gimana', 'solusi']"
negatif,"['tes', 'genose', 'kaga', 'dah', 'hasil']"
positif,"['tes', 'genose', 'gk', 'makan', 'kan', 'nder', 'mnt', 'gk', 'makan', 'minum', 'mnt', 'belum', 'tes', 'genose', 'cmiiw']"
negatif,"['hallo', 'min', 'mau', 'hari', 'saya', 'tes', 'genose', 'berangkat', 'besok', 'pagi', 'kok', 'hasil', 'blm', 'ya', 'sampe']"
negatif,"['ngeri', 'kemaren', 'positif', 'pake', 'genose', 'arti', 'mungkin', 'masalah', 'dong', 'paru', 'paru']"
positif,"['genose', 'tawang', 'pagi', 'pagi', 'kalo', 'siang', 'siang', 'jam', 'gt', 'ga', 'antri']"
negatif,"['apaansi', 'tes', 'genose', 'senen', 'jam', 'ampe', 'bom', 'hasil']"
positif,"['ness', 'yg', 'tes', 'genose', 'poncol', 'antri', 'brpa', 'ya']"
negatif,"['halo', 'admin', 'mai', 'hasil', 'genose', 'keluar', 'sudah', 'dari', 'jam', 'untuk', 'berangkat', 'gimana', 'solusi']"
negatif,"['plin', 'plan', 'banget', 'bijak', 'ga', 'bole', 'mudik', 'perintah', 'tes', 'genose', 'terminal', 'negatif', 'tes', 'genose', 'jalan', 'lakh']"
positif,"['selamat', 'malam', 'tumpang', 'ka', 'dhoho', 'natar', 'wajib', 'surat', 'terang', 'negatif', 'genose', 'antigen', 'info', 'lengkap', 'sila', 'cek', 'link', 'trims']"
positif,"['dahar', 'ngono', 'iku', 'trus', 'cek', 'genose', 'piye', 'yo', 'hasile']"
positif,"['test', 'genose', 'antigen', 'labuh', 'merak', 'sedia', 'sila', 'berkordinasi', 'tugas', 'lapang', 'dapat', 'arah', 'kami', 'saran', 'sudah', 'bawa', 'surat', 'terang', 'bebas', 'covid']"
positif,"['dalam', 'tubuh', 'dalam', 'kasus', 'senyawa', 'organik', 'tidak', 'si', 'virus', 'yng', 'produksi', 'beberpa', 'sakit', 'yang', 'hubung', 'paru', 'bisa', 'si', 'senyawa', 'organik', 'memang', 'target', 'antigen', 'pcr', 'genose', 'berbedaa', 'huhu']"
positif,"['oalah', 'klaim', 'akurat', 'dasar', 'periksa', 'antigen', 'pcr', 'target', 'gen', 'virus', 'lain', 'protein', 'virus', 'lebih', 'spesifik', 'genose', 'target', 'senyawa', 'organik', 'biasa', 'produksi', 'si', 'virus', 'bis', 'hembus', 'co']"
positif,"['halo', 'min', 'jalan', 'kereta', 'lokal', 'dhoho', 'natar', 'besok', 'guna', 'tes', 'rapid', 'genose', 'terimakasih']"
positif,"['halo', 'asdp', 'di', 'labuh', 'merak', 'banten', 'fasilitas', 'genose', 'rapid']"
positif,"['halo', 'kak', 'informasi', 'bandar', 'soekarno', 'hatta', 'sedia', 'layan', 'genose', 'sila', 'pantau', 'sosial', 'media', 'kami', 'kait', 'update', 'informasi', 'tks', 'dik']"
positif,"['genose', 'lah', 'kalo', 'antigen', 'bodoh', 'publik']"
negatif,"['min', 'bandara', 'soeta', 'udah', 'genose']"
positif,"['alat', 'screening', 'diagnostik', 'covid', 'bas', 'embus', 'napas', 'genose', 'dapat', 'deteksi', 'infeksi', 'akibat', 'varian', 'alat', 'deteksi', 'hasil', 'metabolisme', 'tubuh']"
negatif,"['hallo', 'admin', 'gimna', 'niech', 'hasil', 'tes', 'genose', 'muncul', 'muncul', 'dm', 'tak', 'dibales']"
positif,"['selamat', 'malam', 'mohon', 'maaf', 'kece', 'mohon', 'informasi', 'kode', 'booking', 'tiket', 'capture', 'kode', 'qr', 'genose', 'via', 'dm', 'trims']"
positif,"['selamat', 'malam', 'biaya', 'rapid', 'test', 'antigen', 'stasiun', 'rp', 'genose', 'rp', 'terima', 'kasih']"
positif,"['selamat', 'malam', 'saat', 'layan', 'genose', 'stasiun', 'yogyakarta', 'tugu', 'operasi', 'hari', 'wib', 'antre', 'kondisional', 'lokasi', 'di', 'ruang', 'tunggu', 'stasiun', 'belah', 'selatan', 'tarif', 'ribu']"
positif,"['mohon', 'info', 'td', 'jam', 'siang', 'tes', 'genose', 'pasar', 'senen', 'telah', 'selesai', 'suruh', 'tinggal', 'info', 'nanti', 'muncul', 'kai', 'akses', 'hasil', 'namun', 'saat', 'belum', 'info', 'dr', 'aplikasi', 'kai', 'akses', 'web', 'scan', 'barcode', 'mohon', 'info']"
positif,"['dear', 'layan', 'tes', 'genose', 'stasiun', 'tugu', 'tanggal', 'mei', 'buka', 'berapa', 'terima', 'kasih']"
positif,"['so', 'lupa', 'tes', 'covid', 'yang', 'pergi', 'luar', 'kota', 'itu', 'libur', 'mudik', 'yuk', 'jaga', 'selamat', 'kita', 'orang', 'orang', 'genose', 'covid', 'genosesardjito', 'yogyakarta', 'mudik', 'libur']"
positif,"['malam', 'min', 'biaya', 'test', 'genose', 'rapid', 'stasiun', 'sidoarjo', 'ya', 'terimakasih']"
positif,"['mohon', 'ke', 'stasiun', 'dekat', 'akhir', 'layan', 'genose', 'antisipasi', 'padat', 'antre', 'trims']"
positif,"['selamat', 'malam', 'antre', 'test', 'genose', 'stasiun', 'sifat', 'kondisional', 'dapat', 'henti', 'tutup', 'waktu', 'jam', 'operasional', 'jika', 'lonjak', 'calon', 'tumpang', 'akan', 'laku', 'tes', 'genose']"
positif,"['selesai', 'laku', 'bayar', 'harus', 'ke', 'gedung', 'mana', 'laku', 'daftar', 'tes', 'di', 'nanti', 'beri', 'amplop', 'isi', 'hasil', 'tes', 'genose', 'sudah', 'nama', 'di', 'seperti', 'gambar']"
positif,"['selamat', 'malam', 'kak', 'layan', 'genose', 'stasiun', 'sidoarjo', 'buka', 'wib', 'antre', 'kondisional', 'lokasi', 'area', 'halaman', 'stasiun', 'sila', 'laku', 'tes', 'kurun', 'jam', 'berangkat', 'trims']"
positif,"['pasca', 'tiada', 'mudik', 'tanggal', 'mei', 'wajib', 'surat', 'terang', 'hasil', 'negatif', 'pcr', 'rapid', 'test', 'antigen', 'genose', 'sampel', 'ambil', 'kurun', 'maksimal', 'jam', 'berangkat']"
negatif,"['demonstrasi', 'tolak', 'tes', 'genose', 'aksi', 'may', 'day', 'palembang', 'rusuh']"
positif,"['iya', 'dasar', 'informasi', 'sata', 'layan', 'genose', 'laksana', 'tiap', 'senin', 'rabu', 'jumat', 'saya', 'hari', 'jumat', 'pagi', 'oke', 'ke', 'prosedur']"
positif,"['selamat', 'malam', 'tumpang', 'ka', 'kaligung', 'kamandaka', 'wajib', 'rapid', 'test', 'antigen', 'pcr', 'genose', 'test', 'tetap', 'wajib', 'pakai', 'masker', 'kain', 'lapis', 'medis', 'kondisi', 'sehat', 'derita', 'flu', 'pilek', 'batuk', 'hilang', 'daya', 'cium', 'diare', 'demam']"
positif,"['kouta', 'test', 'genose', 'st', 'nganjuk']"
positif,"['calon', 'tumpang', 'laku', 'periksa', 'hitung', 'sehingga', 'saat', 'berangkat', 'laku', 'hasil', 'genose', 'test', 'lebih', 'jam', 'ambil', 'sampel']"
positif,"['selamat', 'malam', 'sedia', 'layan', 'genose', 'stasiun', 'semarang', 'tawang', 'operasional', 'pukul', 'wib', 'antre', 'kondisional', 'sedia', 'di', 'stasiun', 'semarang', 'poncol', 'pukul', 'wib', 'antre', 'kondisional']"
positif,"['teliti', 'kembang', 'genose', 'menyakini', 'alat', 'anak', 'negeri', 'deteksi', 'varian', 'virus', 'corona', 'karena', 'alat', 'mampu', 'baca', 'hasil', 'metabolisme', 'virus', 'yakin', 'tahu', 'varian', 'genose', 'tesgenosec', 'korona', 'pandemic']"
positif,"['alat', 'tiup', 'genose', 'rapid', 'antigen', 'bandara', 'ngurah', 'rai', 'bal', 'masih', 'dan', 'segel']"
positif,"['lansir', 'tim', 'cek', 'fakta', 'kompas', 'com', 'genose', 'tes', 'deteksi', 'covid', 'milik', 'akurasi', 'cukup', 'yakni', 'rekan', 'rekan', 'cukup', 'dengan', 'hasil', 'muncul', 'selain', 'apabila', 'hasil', 'positif', 'harus', 'laku', 'tes', 'yakni', 'pcr']"
positif,"['a', 'thread', 'tes', 'genose', 'rs', 'sardjito', 'hal', 'sepele', 'tp', 'guna', 'era', 'pandemi', 'apalagi', 'yg', 'rantau', 'butuh', 'refreshing', 'luar', 'kota', 'bagi', 'alam', 'ttg', 'genose', 'tes', 'teman', 'prepare', 'mau', 'laku', 'tes', 'genose', 'jogja', 'genosessrdjito']"
positif,"['min', 'jalan', 'tanggal', 'mei', 'stasiun', 'batang', 'kalong', 'semrang', 'poncol', 'kereta', 'kaligung', 'kamandaka', 'perlu', 'tes', 'genose', 'rapid', 'test', 'antigent', 'syarat', 'berangkat']"
positif,"['permisi', 'min', 'sy', 'rencana', 'kereta', 'maharani', 'dr', 'surabaya', 'pasarturi', 'semarang', 'tawang', 'berangkat', 'jam', 'pagi', 'terlalu', 'pagi', 'operasional', 'tes', 'genose', 'buka', 'boleh', 'sy', 'laku', 'tes', 'genose', 'stasiun', 'sidoarjo', 'kota', 'belum']"
negatif,"['halo', 'admin', 'hasil', 'tes', 'genose', 'kenapa', 'keluar', 'tiap', 'cek', 'hasil', 'sedia', 'terud']"
negatif,"['spya', 'dr', 'keparnoan', 'saat', 'swab', 'gw', 'milih', 'rs', 'swab', 'dokter', 'seinget', 'gw', 'buka', 'alat', 'swabnya', 'ddpn', 'gw', 'sblm', 'dipke', 'mmg', 'lbh', 'mahal', 'dr', 'cm', 'lbh', 'aman', 'apalgi', 'genose', 'ngebayangin', 'gw', 'alat', 'transportasi', 'umum', 'yg', 'orgnya', 'andal', 'genose']"
positif,"['min', 'stasiun', 'semarang', 'tawang', 'poncol', 'genose']"
positif,"['hasil', 'genose', 'tahu', 'per', 'orang', 'menit']"
positif,"['layan', 'tes', 'covid', 'genose', 'stasiun', 'bekas', 'ramai', 'serbu', 'calon', 'mudik']"
positif,"['ndak', 'hanya', 'genose', 'buat', 'tumpang', 'tiket', 'jarak', 'saja']"
positif,"['min', 'tes', 'genose', 'stasiun', 'probolinggo', 'tutup', 'jam', 'ya', 'senin', 'pasuruan', 'tes', 'probolinggo', 'berangkat', 'selasa', 'dari', 'stasiun', 'pasuruan']"
positif,"['selamat', 'malam', 'periksa', 'genose', 'integrasi', 'kai', 'access', 'ini', 'sedia', 'dapat', 'layan', 'stasiun', 'gambir', 'stasiun', 'pasar', 'senen', 'railmin', 'informasi', 'jam', 'operasional', 'rencana', 'datang', 'stasiun']"
positif,"['aku', 'golong', 'swab', 'antigen', 'gt', 'genose']"
negatif,"['min', 'udah', 'sen', 'tiket', 'maharani', 'pasar', 'turi', 'tawang', 'pas', 'order', 'genose', 'penuh', 'yaaa', 'solusi']"
positif,"['selamat', 'malam', 'hasil', 'genose', 'ini', 'kenan', 'stasiun', 'masa', 'laku', 'jam', 'dari', 'ambil', 'sampel', 'trims']"
negatif,"['genose', 'ku', 'positif', 'antigen', 'negatif']"
positif,"['layan', 'genose', 'stasiun', 'kena', 'tarif', 'ribu', 'trims']"
negatif,"['nglegani', 'teman', 'bodoh', 'gagal', 'utbk', 'grgr', 'genose', 'habis', 'mana']"
positif,"['genose', 'antigen', 'akurat', 'sih']"
positif,"['selamat', 'malam', 'layan', 'genose', 'stasiun', 'klaten', 'buka', 'wib', 'antre', 'kondisional', 'sila', 'ke', 'stasiun', 'awal', 'antisipasi', 'padat', 'antre', 'layan', 'genose', 'trims']"
positif,"['april', 'mei', 'ada', 'syarat', 'sikm', 'surat', 'tp', 'syarat', 'tes', 'pcr', 'antigen', 'maks', 'genose', 'wajib', 'berangkat', 'gays']"
positif,"['kak', 'genose', 'ya', 'mau', 'nyebrang', 'bakau', 'sorry', 'nanya']"
positif,"['selamat', 'malam', 'layan', 'genose', 'stasiun', 'yogyakarta', 'buka', 'hari', 'wib', 'antre', 'kondisional', 'trims']"
negatif,"['kiro', 'genose', 'jam', 'tutup', 'cuk', 'bati', 'budal', 'ket', 'awan']"
positif,"['tanya', 'syarat', 'terbang', 'tgl', 'mei', 'pakai', 'surat', 'rapid', 'antigen', 'pcr', 'genose', 'kan']"
positif,"['malam', 'admin', 'tanya', 'tes', 'genose', 'stasiun', 'tugu', 'yogyakarta', 'hari', 'minggu', 'buka', 'iya', 'jam', 'ya']"
positif,"['hasil', 'genose', 'stasiun', 'gak', 'min']"
negatif,"['dr', 'siang', 'selesai', 'barusan', 'gara', 'gara', 'td', 'genose', 'hasil', 'positif', 'degdegan', 'bgt', 'pindah', 'rumah', 'sakit', 'pake', 'swab', 'antibodi', 'alhamdulillah', 'negatif']"
positif,"['buka', 'test', 'besok', 'laku', 'genose', 'jam', 'mepet', 'buka', 'test', 'loc', 'rs', 'jih']"
positif,"['nyobain', 'genose', 'bethesda', 'yogya', 'cepat', 'nyata', 'lama', 'genose', 'stasiun', 'yogya']"
positif,"['halo', 'admin', 'cek', 'dm', 'kena', 'tes', 'genose']"
negatif,"['gua', 'genose', 'kali', 'positif', 'nder', 'lalu', 'habis', 'swab', 'rs', 'puskesmas', 'has', 'negatif', 'dah', 'swab', 'langsung', 'mending']"
positif,"['rektor', 'universitas', 'gadjah', 'mada', 'ugm', 'prof', 'panut', 'mulyono', 'bulan', 'april', 'pihak', 'produksi', 'unit', 'genose']"
positif,"['hasil', 'negatif', 'tes', 'genose', 'stasiun', 'kereta', 'api', 'sampel', 'ambil', 'kurun', 'maksimal', 'jam', 'berangkat', 'trims']"
positif,"['sore', 'admin', 'mw', 'jalan', 'pake', 'antigen', 'apa', 'bs', 'tidk', 'pake', 'genose', 'jarak', 'rumah', 'station', 'jd', 'ndk', 'sempet', 'untuk', 'test', 'genose', 'tp', 'pake', 'antigen']"
positif,"['stasiun', 'kebumen', 'layan', 'tes', 'genose', 'wib', 'antre', 'kondisional', 'tarif', 'rp', 'tumpang', 'imbau', 'sisih', 'yang', 'saat', 'tes', 'genose', 'hindar', 'tinggal', 'ka', 'ada', 'antre', 'trims']"
positif,"['selamat', 'sore', 'laku', 'jalan', 'ka', 'kaligung', 'ini', 'wajib', 'milik', 'rapid', 'test', 'antigen', 'pcr', 'genose', 'trims']"
negatif,"['ge', 'nose', 'alias', 'genose', 'sender', 'adada']"
positif,"['railmin', 'info', 'laku', 'genose', 'ini', 'jam', 'ambil', 'sampel', 'mohon', 'sisih', 'yang', 'untuk', 'laku', 'periksa', 'genose', 'stasiun', 'antisipasi', 'padat', 'antre', 'tinggal', 'ka', 'trims']"
positif,"['bandara', 'internasional', 'minangkabau', 'bim', 'laku', 'test', 'genose', 'tanggal', 'mei', 'itu', 'siswa', 'mtsn', 'padang', 'positif', 'covid', 'saksi', 'informasi', 'lengkap', 'sumatera', 'barat', 'ini', 'wib', 'di', 'tvri', 'mediapemersatubangsa']"
positif,"['selamat', 'sore', 'kak', 'mohon', 'informasi', 'rencana', 'laku', 'genose', 'test', 'stasiun']"
positif,"['antisipasi', 'sebar', 'covid', 'calon', 'tumpang', 'terminal', 'baranangsiang', 'tes', 'genose']"
positif,"['kereta', 'kaligung', 'malang', 'semarang', 'test', 'genose', 'ya']"
positif,"['selamat', 'sore', 'layan', 'genose', 'test', 'stasiun', 'yogyakarta', 'tugu', 'pukul', 'wib', 'antre', 'kondisional', 'operasi', 'hari', 'senin', 'minggu', 'masuk', 'libur', 'nasional', 'trims']"
positif,"['min', 'tes', 'genose', 'stasiun', 'bebas', 'jam', 'ada', 'batas']"
positif,"['tarif', 'layan', 'besar', 'ribu', 'calon', 'tumpang', 'syarat', 'calon', 'tumpang', 'milik', 'kode', 'booking', 'tiket', 'ka', 'jarak', 'dengan', 'status', 'bayar', 'sila', 'laku', 'periksa', 'genose', 'kurun', 'maksimal', 'jam', 'berangkat']"
positif,"['yang', 'maksud', 'laku', 'periksa', 'genose', 'stasiun', 'jember', 'jam', 'operasional', 'wib', 'antre', 'sifat', 'kondisional', 'tumpang', 'kenan', 'rokok', 'makan', 'minum', 'air', 'putih', 'menit', 'periksa', 'sampel', 'napas']"
positif,"['genose', 'nyata', 'mulut', 'gengs', 'ngga', 'hidung']"
positif,"['selamat', 'sore', 'kak', 'tumpang', 'ka', 'jarak', 'dapat', 'vaksin', 'wajib', 'surat', 'terang', 'negatif', 'genose', 'pcr', 'rapid', 'antigen', 'yang', 'masih', 'laku', 'berangkat', 'trims']"
positif,"['stasiun', 'jember', 'min', 'tes', 'genose', 'harus', 'laku', 'berangkat', 'atai', 'di', 'hari', 'belum', 'dam', 'jam', 'operasional', 'layan', 'tes', 'genose', 'jam', 'sampai', 'jam', 'ya']"
positif,"['moga', 'genose', 'blm', 'tutup', 'hasil', 'negatif']"
positif,"['kepala', 'terminal', 'baranangsiang', 'moses', 'lieba', 'ary', 'layan', 'tes', 'genose', 'covid', 'laku', 'antisipasi', 'lonjak', 'tumpang', 'bus']"
positif,"['selamat', 'sore', 'mohon', 'maaf', 'ketidaknyamanannya', 'railmin', 'bantu', 'kece', 'informasi', 'foto', 'barcode', 'periksa', 'genose', 'kode', 'booking', 'tiket', 'dm', 'kak', 'trims']"
positif,"['yang', 'cara', 'tes', 'genose', 'solo']"
positif,"['idak', 'masak', 'ayuk', 'nak', 'test', 'genose', 'besok', 'nak', 'jkt']"
positif,"['selamat', 'sore', 'layan', 'genose', 'test', 'stasiun', 'surabaya', 'gubeng', 'operasi', 'pukul', 'wib', 'antre', 'kondisional', 'tks']"
positif,"['selamat', 'sore', 'calon', 'tumpang', 'ka', 'joglosemarkerto', 'ini', 'wajib', 'hasil', 'negatif', 'genose', 'rapid', 'test', 'antigen', 'pcr', 'informasi', 'lengkap', 'syarat', 'tentu', 'sila', 'cek', 'link', 'trims']"
positif,"['dadak', 'satgas', 'covid', 'laku', 'screening', 'genose', 'unjung', 'warkop', 'kuala', 'ini', 'hasilya']"
positif,"['terminal', 'baranangsiang', 'bogor', 'terap', 'tes', 'genose', 'ini']"
positif,"['jelang', 'larang', 'mudik', 'stasiun', 'pasar', 'senen', 'padat', 'calon', 'mudik', 'masyarakat', 'antre', 'laku', 'tes', 'genose', 'rapid', 'test', 'antigen', 'terminal', 'ii', 'soekarno', 'hatta', 'banten', 'padat', 'tumpang', 'jumat', 'kemarin', 'klik', 'newsone']"
positif,"['selamat', 'sore', 'layan', 'genose', 'test', 'integrasi', 'aplikasi', 'kai', 'access', 'sedia', 'stasiun', 'pasar', 'senen', 'gambir', 'alternatif', 'sila', 'laku', 'langsung', 'stasiun', 'layan', 'mohon', 'informasi', 'rencana', 'laku', 'genose', 'stasiun']"
negatif,"['halo', 'min', 'hasil', 'tes', 'genose', 'ada', 'jam', 'gin', 'test', 'st', 'senen', 'siang', 'jam', 'kereta', 'malam', 'jam', 'senen', 'jogja', 'gimana', 'min']"
positif,"['hai', 'ka', 'kakak', 'tes', 'genose', 'daftar', 'langsung', 'tes', 'sana', 'atau', 'daftar', 'belum']"
positif,"['layan', 'genose', 'test', 'stasiun', 'pasar', 'senen', 'wib', 'nomor', 'antre', 'pukul', 'wib', 'kondisional', 'tumpang', 'imbau', 'sisih', 'yang', 'saat', 'tes', 'genose', 'hindar', 'tinggal', 'ka', 'ada', 'antre', 'trims']"
positif,"['hai', 'min', 'baru', 'ingin', 'beli', 'tiket', 'pas', 'pesan', 'tes', 'genose', 'terang', 'kuota', 'genose', 'habis', 'saya', 'tes', 'genose', 'langsung', 'jalan', 'kah', 'min', 'stasiun', 'gubeng', 'surabaya']"
negatif,"['atur', 'maksud', 'terbang', 'pp', 'dua', 'kali', 'genose', 'yaitu', 'bandara', 'berangkat', 'di', 'bandara', 'balik', 'di', 'hari', 'yang', 'sama', 'lho', 'min', 'kurang', 'jam']"
positif,"['selamat', 'sore', 'layan', 'rapid', 'test', 'antigen', 'genose', 'test', 'stasiun', 'pasar', 'senen', 'wib', 'nomor', 'antre', 'pukul', 'wib', 'kondisional', 'trims']"
positif,"['terminal', 'baranangsiang', 'bogor', 'terap', 'tes', 'genose', 'ini', 'pelaksanaa']"
positif,"['selamat', 'sore', 'tumpang', 'ka', 'tumapel', 'natar', 'penatarandhoho', 'dhohopenataran', 'wajib', 'bawa', 'surat', 'terang', 'genose', 'syarat', 'sila', 'cek', 'link', 'trims']"
positif,"['genose', 'dua', 'bayar', 'lagi']"
positif,"['bandara', 'sim', 'layan', 'tes', 'rapid', 'antigen', 'genose', 'buk']"
positif,"['flight', 'minggu', 'depan', 'mesti', 'cek', 'karena', 'ubah', 'syarat', 'pun', 'udah', 'genose', 'bandara', 'flight']"
positif,"['selamat', 'sore', 'railmin', 'info', 'rencana', 'laku', 'test', 'genose', 'stasiun']"
negatif,"['sandwich', 'generation', 'keluar', 'paksa', 'karena', 'kepala', 'harus', 'kasi', 'makan', 'susah', 'nabung', 'makanya', 'masuk', 'ragu', 'metrik', 'atau', 'hny', 'salah', 'model', 'sosial', 'banyak', 'asumsi', 'genose']"
positif,"['terminal', 'baranangsiang', 'bogor', 'terap', 'tes', 'genose', 'ini', 'lengkapcepatberitanya', 'beritaterkini', 'beritaterkini', 'newsupdate']"
negatif,"['baik', 'tulis', 'flyer', 'jam', 'berangkat', 'maksud', 'jelas', 'harfiah', 'jam', 'menit', 'yang', 'jam', 'menit', 'berangkat', 'bisa', 'genose', 'bandara', 'ya', 'sila', 'refresh', 'ajar', 'bahasa', 'indonesia', 'dahulu']"
positif,"['bandara', 'tambolaka', 'sumba', 'barat', 'daya', 'laku', 'genose', 'tes', 'cepat', 'virus', 'corona', 'corona', 'korona']"
positif,"['sila', 'laku', 'periksa', 'genose', 'pasuk', 'jam', 'berangkat', 'ka', 'tetap', 'sesuai', 'jam', 'layan', 'stasiun', 'kak', 'trims']"
negatif,"['alami', 'ini', 'tgl', 'april', 'paksa', 'utk', 'genose', 'bisa', 'kelar', 'flight', 'tulis', 'jam', 'belum', 'berangkat', 'flyer', 'jadi', 'pedoman', 'tugas', 'interpretasi', 'bingung', 'sempat', 'saya', 'bersitegang', 'tugas']"
positif,"['antri', 'tes', 'genose', 'brp', 'jam', 'mas', 'kl', 'tes', 'pas', 'berangkat', 'waktu', 'ndak']"
positif,"['udah', 'pak', 'genjot', 'produk', 'negeri', 'genjot', 'genose', 'alat', 'test', 'duit', 'muter', 'dlm', 'negeri', 'di', 'buang', 'luar']"
negatif,"['aku', 'kelinci', 'coba', 'genose']"
positif,"['selamat', 'sore', 'mohon', 'maaf', 'kak', 'surat', 'terang', 'hasil', 'genose', 'bisa', 'bagai', 'syarat', 'jalan', 'ka', 'jarak', 'hanya', 'oleh', 'stasiun', 'trims']"
positif,"['antri', 'tes', 'genose', 'jam', 'kak', 'kl', 'tes', 'genose', 'pas', 'cukup', 'ndak']"
positif,"['min', 'kalalu', 'kereta', 'natar', 'dari', 'porong', 'malang', 'wajib', 'tes', 'genose', 'terimakasih']"
positif,"['terminal', 'bus', 'baranangsiang', 'bogor', 'layan', 'tes', 'genose', 'gratis']"
positif,"['pt', 'angkasa', 'pura', 'ii', 'cabang', 'bandara', 'internasional', 'minangkabau', 'bim', 'terap', 'tes', 'covid', 'cara', 'hembus', 'nafas', 'genose', 'hitung', 'mei', 'publisherstory']"
positif,"['yang', 'maksud', 'layan', 'genose', 'stasiun', 'operasi', 'hari', 'kak', 'trims']"
positif,"['halo', 'min', 'tes', 'genose', 'harus', 'laku', 'stasiun', 'misal', 'genose', 'tempat', 'apakah', 'thanks']"
positif,"['railmin', 'info', 'layan', 'test', 'genose', 'stasiun', 'yogyakarta', 'operasi', 'pukul', 'wib', 'antre', 'kondisional', 'di', 'ruang', 'tunggu', 'stasiun', 'belah', 'selatan', 'trims']"
positif,"['selamat', 'sore', 'kakak', 'laku', 'periksa', 'genose', 'belum', 'tanggal', 'berangkat', 'pukul', 'wib', 'waktu', 'berangkat', 'ka', 'guna', 'rencana', 'periksa', 'genose', 'stasiun']"
negatif,"['erick', 'tmpt', 'juga', 'ttp', 'keburu', 'bongkar', 'sebaikx', 'polisi', 'samar', 'calon', 'tumpang', 'transportasi', 'perlu', 'swab', 'antigen', 'genose', 'bisa', 'bahwa', 'di', 'tempat', 'juga', 'srt', 'terang', 'non', 'reaktive', 'test', 'imbal', 'tertt']"
positif,"['halo', 'kak', 'informasi', 'saat', 'belum', 'sedia', 'layan', 'genose', 'bandara', 'soekarno', 'hatta', 'sila', 'pantau', 'sosial', 'media', 'kami', 'cara', 'kait', 'update', 'informasi', 'tks', 'dik']"
negatif,"['dinkes', 'kota', 'bandung', 'ada', 'layan', 'genose', 'teh', 'ada', 'layan', 'test', 'antigen', 'pcr', 'antibodi']"
positif,"['selamat', 'sore', 'kak', 'layan', 'genose', 'stasiun', 'khusus', 'tumpang', 'telah', 'milik', 'kode', 'booking', 'tiket', 'ka', 'jarak', 'dengan', 'status', 'lunas', 'aktif', 'trims']"
positif,"['min', 'barangkali', 'yang', 'kalau', 'dinkes', 'kota', 'bandung', 'genose', 'ya', 'hanya', 'antigen', 'terima', 'kasih']"
positif,"['sore', 'min', 'di', 'terminal', 'soetta', 'ada', 'layan', 'rapid', 'test', 'genose']"
positif,"['sandika', 'abis', 'genose', 'gimana', 'hasil', 'alhamdullilah', 'perempuan']"
positif,"['hallo', 'min', 'genose', 'stasiun', 'kota', 'bandung', 'untuk', 'tumpang', 'kereta', 'boleh', 'tes']"
positif,"['tes', 'rapid', 'antigen', 'genose', 'bim', 'kelola', 'alat', 'tes', 'baru', 'segel']"
positif,"['selamat', 'sore', 'kak', 'saat', 'tumpang', 'ka', 'joglosemarkerto', 'wajib', 'hasil', 'negatif', 'genose', 'rapid', 'test', 'antigen', 'pcr', 'informasi', 'lengkap', 'syarat', 'tentu', 'sila', 'cek', 'link', 'trims']"
positif,"['hindar', 'antri', 'kerumun', 'dihimbau', 'laku', 'genose', 'dari', 'jam', 'jadwal', 'berangkat', 'kereta', 'sesuai', 'masa', 'laku', 'skrining', 'tes', 'covid', 'laku', 'ini', 'trims']"
positif,"['selamat', 'sore', 'layan', 'periksa', 'genose', 'stasiun', 'surabaya', 'gubeng', 'layan', 'pukul', 'wib', 'antre', 'kondisional', 'lokasi', 'di', 'belah', 'rapid', 'antigen', 'indomaret']"
negatif,"['tips', 'siasat', 'genose']"
positif,"['mei', 'tumpang', 'bandara', 'internasional', 'minangkabau', 'tes', 'covid', 'pakai', 'genose', 'via']"
positif,"['min', 'kereta', 'joglosemar', 'kerto', 'harus', 'tes', 'genose', 'slawi', 'kbm', 'thanks', 'info']"
positif,"['asam', 'lambung', 'naik', 'saat', 'ramadan', 'pengaruh', 'hasil', 'genose', 'cara', 'siasat', 'cnnindonesia']"
positif,"['aman', 'genose', 'bisa', 'deteksi', 'covid', 'varian', 'baca', 'lengkap', 'sini', 'covid', 'pandemi', 'pandemic', 'genose', 'news']"
positif,"['genose', 'deteksi', 'covid', 'varian', 'ini', 'teliti', 'jawa', 'covid', 'covid']"
positif,"['bandara', 'sim', 'antigen', 'genose', 'sesuai', 'prosedur']"
positif,"['syarat', 'genose', 'jam', 'bener', 'antigen', 'xjam']"
positif,"['infowisata', 'kawasan', 'wisata', 'lago', 'layan', 'tes', 'genose', 'mei', 'tarif']"
positif,"['mohon', 'sisih', 'yang', 'untuk', 'laku', 'periksa', 'genose', 'stasiun', 'antisipasi', 'padat', 'antre', 'tinggal', 'ka', 'trims']"
positif,"['calon', 'tumpang', 'larang', 'makan', 'minum', 'rokok', 'minum', 'air', 'putih', 'menit', 'periksa', 'sampel', 'napas', 'laku', 'genose', 'ini', 'jam', 'ambil', 'sampel']"
positif,"['kl', 'kmrn', 'surabaya', 'dimintain', 'nder', 'pake', 'genose']"
positif,"['selamat', 'siang', 'layan', 'genose', 'stasiun', 'jombang', 'buka', 'wib', 'antre', 'kondisional', 'tarif', 'ribu', 'syarat', 'tumpang', 'dalam', 'kondisi', 'sehat', 'wajib', 'milik', 'tiket', 'ka', 'jarak', 'yang', 'bayar', 'lunas']"
positif,"['calon', 'tumpang', 'dapat', 'laku', 'tes', 'masih', 'kurun', 'jam', 'berangkat', 'saat', 'alami', 'kendala', 'layan', 'genose', 'rapid', 'test', 'antigen', 'stasiun', 'kak']"
positif,"['selamat', 'siang', 'mohon', 'maaf', 'terima', 'kasih', 'kritik', 'saran', 'sampai', 'jam', 'operasional', 'periksa', 'genose', 'rapid', 'test', 'antigen', 'timbang', 'layan', 'berangkat', 'ka', 'masing', 'stasiun']"
positif,"['selamat', 'siang', 'kak', 'sudah', 'mes', 'tes', 'genose', 'via', 'aplikasi', 'kaiaccess', 'cek', 'menu', 'beranda', 'tes', 'covid', 'trims']"
positif,"['mei', 'layan', 'genose', 'hadir', 'silangit', 'airport']"
positif,"['selamat', 'sore', 'kak', 'layan', 'genose', 'st', 'bandung', 'operasi', 'pukul', 'wib', 'antre', 'kondisional', 'lokasi', 'parkir', 'utara', 'stasiun', 'bandung', 'sila', 'laku', 'periksa', 'genose', 'pasuk', 'jam', 'ka', 'berangkat', 'trims']"
positif,"['tes', 'genose', 'sampel', 'ambil', 'kurun', 'maksimal', 'jam', 'berangkat', 'informasi', 'lengkap', 'syarat', 'sila', 'cek', 'taut', 'trims']"
positif,"['siang', 'min', 'tanya', 'cek', 'kita', 'bayar', 'pesan', 'periksa', 'genose', 'kai', 'access', 'ya', 'thanks']"
positif,"['pulang', 'bogor', 'tgl', 'april', 'kmrn', 'utk', 'tes', 'genose']"
positif,"['selamat', 'siang', 'kak', 'tumpang', 'ka', 'lokal', 'wajib', 'lampir', 'rapid', 'test', 'antigen', 'swab', 'pcr', 'genose', 'informasi', 'syarat', 'tentu', 'sila', 'cek', 'link', 'trims']"
positif,"['mohon', 'laku', 'genose', 'stasiun', 'pasuk', 'jam', 'berangkat', 'ka', 'tetap', 'sesuai', 'jam', 'operasional', 'laku', 'trims']"
positif,"['selamat', 'siang', 'layan', 'genose', 'stasiun', 'bekas', 'layan', 'wib', 'antre', 'kondisional', 'posisi', 'di', 'parkir', 'utara', 'stasiun', 'bekas']"
positif,"['tumpang', 'ka', 'lokal', 'wajib', 'lampir', 'rapid', 'test', 'antigen', 'swab', 'pcr', 'genose', 'informasi', 'syarat', 'tentu', 'sila', 'cek', 'link', 'trims']"
positif,"['siang', 'untuk', 'genose', 'stasiun', 'bandung', 'jam', 'operationalnya', 'jam', 'ya']"
positif,"['selamat', 'siang', 'tumpang', 'ka', 'jayabaya', 'wajib', 'hasil', 'tes', 'negatif', 'genose', 'pcr', 'rapid', 'antigen', 'masih', 'laku', 'lengkap', 'sila', 'cek', 'link']"
positif,"['genose', 'massa', 'berapa', 'ya', 'berangkat', 'tgl']"
positif,"['ka', 'lokal', 'apa', 'wajib', 'pcr', 'swab', 'genose']"
positif,"['susul', 'bandara', 'yia', 'bandara', 'adisutjipto', 'layan', 'periksa', 'genose']"
positif,"['enam', 'stasiun', 'kai', 'divre', 'iii', 'hadir', 'tes', 'genose']"
positif,"['hindar', 'antre', 'kerumun', 'dihimbau', 'laku', 'genose', 'dari', 'jam', 'jadwal', 'berangkat', 'kereta', 'sesuai', 'masa', 'laku', 'skrining', 'tes', 'covid', 'laku', 'ini', 'trims']"
positif,"['selamat', 'siang', 'layan', 'periksa', 'genose', 'stasiun', 'bekas', 'layan', 'pukul', 'wib', 'antre', 'kondisional', 'lokasi', 'di', 'parkir', 'utara']"
negatif,"['anjrit', 'untung', 'genose', 'ini', 'besok', 'udah', 'modar', 'bakal', 'tinggal', 'kereta']"
positif,"['manajemen', 'bandara', 'radin', 'inten', 'ii', 'bahwa', 'alat', 'rapid', 'test', 'antigen', 'genose', 'guna', 'bandara', 'bukan', 'barang', 'bekas', 'pakai', 'prokes', 'genose', 'antigen', 'rapidtest', 'bandara', 'lampostco']"
positif,"['work', 'sini', 'warga', 'probolinggo', 'aku', 'dm', 'tanya', 'genose', 'rapid', 'kerja', 'makasih']"
positif,"['halo', 'min', 'kereta', 'lokal', 'sby', 'malang', 'jayabaya', 'sby', 'malang', 'jg', 'pakai', 'genose']"
positif,"['pemeriksaaan', 'pcr', 'swab', 'antigen', 'antibodi', 'genose', 'bandara', 'hang', 'nadim', 'klinik', 'baloi', 'rs', 'bp', 'batam', 'steril', 'aman', 'netrakepri', 'batam', 'bandara', 'salutpkk', 'viral', 'tiktokbonusid', 'kepri', 'teknologi']"
positif,"['selamat', 'siang', 'test', 'genose', 'jam', 'ini', 'sekarang', 'keluar', 'hasilnyam', 'via', 'scan', 'barcode']"
positif,"['kaa', 'tanya', 'genose', 'stasiun', 'malang', 'antri', 'bangett', 'yaa']"
positif,"['selamat', 'siang', 'saat', 'jalan', 'ka', 'tawangalun', 'tumpang', 'wajib', 'bawa', 'hasil', 'negatif', 'tes', 'genose', 'pcr', 'rapid', 'test', 'antigen', 'informasi', 'lengkap', 'cek', 'link', 'trims']"
positif,"['selamat', 'siang', 'mohon', 'maaf', 'ini', 'sedia', 'layan', 'tes', 'genose', 'stasiun', 'banyuwangi', 'kota', 'alternatif', 'tumpang', 'ka', 'jarak', 'dapat', 'laku', 'periksa', 'genose', 'stasiun', 'ketapang']"
positif,"['minn', 'genose', 'stasiun', 'bekas', 'jam', 'brp', 'sampe', 'jam', 'brp']"
positif,"['surabaya', 'cuman', 'ken', 'tes', 'genose', 'doang']"
positif,"['sampe', 'mnt', 'barusan', 'genose', 'harga', 'stasiun']"
positif,"['nanya', 'layan', 'genose', 'sudah', 'sedia', 'stasiun', 'bekas', 'terima', 'kasih']"
positif,"['bayar', 'rp', 'tes', 'bandara', 'lombok', 'guna', 'tes', 'genose']"
negatif,"['drama', 'genose', 'antigen', 'pcr', 'lagi', 'besok']"
positif,"['mohon', 'maaf', 'sila', 'tunggu', 'hasil', 'surat', 'terang', 'genose', 'kak', 'layan', 'genose', 'st', 'kiaracondong', 'operasi', 'pukul', 'wib', 'antre', 'kondisonal', 'lokasi', 'depan', 'ruang', 'customer', 'service', 'trims']"
positif,"['pesiwit', 'gabisa', 'pake', 'genose', 'ko']"
positif,"['kak', 'terbang', 'jakarta', 'palembang', 'dgn', 'hasil', 'antigen', 'pcr', 'laku', 'jam', 'terbang', 'palembang', 'jakarta', 'dgn', 'hasil', 'antigen', 'laku', 'jam', 'pcr', 'laku', 'jam', 'genose', 'laku', 'hari', 'terbang', 'tks', 'airin']"
positif,"['temen', 'ku', 'april', 'bal', 'perlu', 'genose', 'test', 'si', 'gasalah']"
positif,"['nang', 'td', 'genose', 'positip', 'untung', 'abis', 'tes', 'ulang', 'negatip', 'alat', 'sensitif', 'anjim']"
positif,"['selamat', 'siang', 'railmin', 'tanya', 'stasiun', 'banyuwangi', 'kota', 'sedia', 'layan', 'genose', 'terimakasih']"
positif,"['harga', 'kereta', 'belum', 'masuk', 'biaya', 'genose', 'rp', 'masa', 'laku', 'jam', 'semenjak', 'tes', 'untuk', 'jalur', 'aku', 'rekomendasi', 'lalu', 'jalur', 'lebih', 'dengan', 'transit', 'semarang']"
positif,"['periksa', 'genose', 'hadir', 'stasiun', 'bangkitkanekonominkri']"
positif,"['bawa', 'hasil', 'tes', 'pcr', 'antigen', 'genose', 'laku', 'min', 'prokes', 'super', 'ketat', 'tidak', 'laku']"
positif,"['min', 'nanya', 'banjar', 'sumedang', 'pake', 'kereta', 'saya', 'ke', 'bdg', 'jadi', 'turun', 'stasiun', 'bandung', 'saya', 'ada', 'hasil', 'tes', 'genose', 'laku', 'jam', 'bisa', 'dipake', 'syarat', 'masuk', 'ke', 'bdg', 'ke', 'sumedang', 'ya']"
negatif,"['kurang', 'sreg', 'mbak', 'mbak', 'scan', 'hasil', 'genose', 'notif', 'hp', 'dia', 'baca', 'hhh']"
positif,"['habis', 'kimia', 'farma', 'masyarakat', 'makin', 'pro', 'genose', 'hanya', 'cheap', 'covenient', 'gak', 'percaya', 'sains', 'lebih', 'gak', 'percaya', 'current', 'running', 'mainstream', 'system']"
positif,"['ini', 'tumpang', 'ka', 'joglosemarkerto', 'wajib', 'hasil', 'negatif', 'genose', 'rapid', 'test', 'antigen', 'pcr', 'informasi', 'lengkap', 'syarat', 'tentu', 'sila', 'cek', 'link', 'trims']"
positif,"['hindar', 'antre', 'kerumun', 'dihimbau', 'laku', 'genose', 'dari', 'jam', 'jadwal', 'berangkat', 'kereta', 'sesuai', 'masa', 'laku', 'skrining', 'tes', 'covid', 'laku', 'ini', 'trims']"
positif,"['selamat', 'siang', 'layan', 'periksa', 'genose', 'stasiun', 'tasikmalaya', 'layan', 'pukul', 'wib', 'antre', 'kondisional', 'lokasi', 'di', 'teras', 'mess', 'stasiun', 'tasikmalaya', 'parkir', 'sepeda']"
positif,"['manteman', 'benar', 'ini', 'malang', 'periksa', 'bawa', 'surat', 'hasil', 'tes', 'antigen', 'pcr', 'genose', 'exit', 'tol']"
positif,"['selamat', 'siang', 'layan', 'rapid', 'test', 'antigen', 'genose', 'operasi', 'hari', 'rencana', 'laku', 'periksa', 'kak']"
positif,"['ka', 'tawangalun', 'rencana', 'operasi', 'tanggal', 'syarat', 'wajib', 'rapid', 'test', 'antigen', 'pcr', 'genose', 'test', 'tetap', 'wajib', 'pakai', 'masker', 'kain', 'lapis', 'medis', 'kondisi', 'sehat']"
positif,"['cek', 'min', 'beberapa', 'lalu', 'larang', 'mudik', 'tes', 'genose', 'antigen', 'karna', 'ada', 'larang', 'mudik', 'yg', 'ingin', 'apakah', 'perlu', 'atau', 'syarat', 'tsb']"
positif,"['sedia', 'layan', 'genose', 'st', 'kiaracondong', 'operasi', 'pukul', 'wib', 'antre', 'kondisonal', 'lokasi', 'depan', 'ruang', 'customer', 'service', 'sila', 'laku', 'periksa', 'genose', 'pasuk', 'jam', 'ka', 'berangkat', 'trims']"
positif,"['halooo', 'tanya', 'mudik', 'antigen', 'bisa', 'genose']"
positif,"['selamat', 'siang', 'saat', 'jalan', 'ka', 'lokal', 'aglomerasi', 'tumpang', 'wajib', 'bawa', 'hasil', 'negatif', 'tes', 'genose', 'pcr', 'rapid', 'test', 'antigen', 'informasi', 'lengkap', 'cek', 'link', 'trims']"
positif,"['jogja', 'sbya', 'kak', 'pake', 'genose', 'dr', 'stasiun']"
positif,"['sudah', 'pasuk', 'jam', 'berangkat', 'ka', 'sesuai', 'laku', 'genose', 'antisipasi', 'antre', 'trims']"
positif,"['stasiun', 'malang', 'jember', 'min', 'perlu', 'tgl', 'mei', 'karna', 'syarat', 'boleh', 'mudik', 'min', 'bawa', 'hasil', 'genose', 'antigen', 'surat', 'terang', 'kaj']"
positif,"['selamat', 'siang', 'layan', 'genose', 'st', 'kiaracondong', 'layan', 'hari', 'pukul', 'antri', 'kondisonal', 'posisi', 'ruang', 'customer', 'service', 'tarif', 'ribu', 'sampel', 'ambil', 'kurun']"
positif,"['oalah', 'arti', 'emng', 'mending', 'nek', 'tes', 'genose', 'makasiii', 'mas', 'udah']"
negatif,"['tp', 'sbnrnya', 'ttp', 'butuh', 'antigen', 'jam', 'genose', 'pas', 'nis', 'ngabisin', 'duit', 'bgt', 'yaa', 'moga', 'membludak', 'abis', 'lebaran', 'tp', 'yakin', 'wkwkwk']"
positif,"['jbrfess', 'yg', 'tes', 'genose', 'stasiun', 'jbr', 'mau', 'tanya', 'rek', 'makasih']"
negatif,"['masuk', 'wisata', 'kedah', 'antigen', 'genose', 'oge', 'ulah', 'kagok']"
positif,"['kuliah', 'tatap', 'muka', 'itera', 'sedia', 'alat', 'genose', 'gratis']"
positif,"['genose', 'bil', 'bayar', 'brp']"
positif,"['min', 'bandung', 'pakai', 'genose']"
negatif,"['mudik', 'ketat', 'prokes', 'harus', 'swab', 'rapid', 'genose', 'udah', 'percaya', 'pas', 'nyampe', 'rumah', 'langsung', 'isoman', 'minggu', 'taun', 'kmrn', 'isolasi', 'massal', 'pasar', 'coba', 'kerumun', 'tes', 'hari', 'banyak', 'yg', 'langgar', 'prokes', 'santuy']"
positif,"['hari', 'udh', 'mau', 'antri', 'test', 'genose', 'msh', 'gantung', 'sm', 'jadwal', 'analisis', 'angus', 'tiket', 'ga', 'cepet', 'reschedule']"
positif,"['selamat', 'siang', 'mohon', 'maaf', 'ini', 'layan', 'genose', 'sedia', 'stasiun', 'purwakarta', 'kak', 'trims']"
positif,"['hasil', 'menit', 'tau', 'bandara', 'stasiun', 'ngga', 'beda', 'klo', 'antri', 'ngga', 'lah', 'nder', 'gantung', 'orang', 'ikut', 'genose', 'gabisa', 'mastiin', 'buat', 'antisipasi', 'dateng', 'jam', 'berangkat']"
positif,"['genose', 'deteksi', 'varian', 'covid']"
positif,"['layan', 'tes', 'genose', 'covid', 'biasa', 'cepat', 'bayar', 'keluar', 'has', 'butuh', 'menit', 'di', 'bandara', 'apt', 'pranoto', 'samarinda', 'jauh', 'mayan', 'ngosan', 'or']"
positif,"['min', 'stasiun', 'purwakarta', 'bs', 'tes', 'genose']"
positif,"['hai', 'mba', 'jadi', 'dari', 'gambir', 'gubeng', 'syarat', 'pertama', 'paling', 'utama', 'punya', 'tiket', 'aku', 'kemarin', 'genose', 'mba', 'alhamdulillah', 'rb', 'nggak', 'sampek', 'menit', 'udah', 'hasil']"
positif,"['selamat', 'siang', 'layan', 'genose', 'stasiun', 'pasar', 'senen', 'operasi', 'wib', 'antre', 'wib', 'kondisional', 'posisi', 'pintu', 'samping', 'musala', 'trims']"
positif,"['kemaren', 'berangkat', 'sore', 'tes', 'genose', 'pagi', 'hindar', 'antri', 'panjang', 'tp', 'kai', 'tidak', 'layan', 'beli', 'tiket', 'ada', 'larang', 'mudik']"
negatif,"['antri', 'tes', 'genose', 'annoying', 'parah', 'bgt']"
positif,"['min', 'layan', 'genose', 'stasiun', 'pasar', 'senen', 'jam', 'saja']"
positif,"['selamat', 'siang', 'kece', 'rencana', 'laku', 'jalan', 'dan', 'tuju', 'stasiun', 'kak', 'ini', 'tumpang', 'ka', 'tawangalun', 'wajib', 'lampir', 'surat', 'terang', 'hasil', 'genose', 'pcr', 'rapid', 'test', 'antigen']"
negatif,"['masalah', 'tes', 'rujuk', 'utama', 'pcr', 'rada', 'tp', 'cepat', 'adlh', 'antigen', 'tiba', 'genose', 'yg', 'standar', 'jelas', 'rancu', 'misal', 'tes', 'pcr', 'negatif', 'pesawat', 'kereta', 'org', 'jalan', 'negatif', 'tp', 'pakai', 'genose', 'tes']"
positif,"['alat', 'tiup', 'tes', 'genose']"
positif,"['min', 'kereta', 'tawangalun', 'tgl', 'mei', 'operasi', 'apa', 'pakai', 'genose', 'swab', 'antigen']"
positif,"['mohon', 'laku', 'genose', 'stasiun', 'pasuk', 'jam', 'berangkat', 'ka', 'tetap', 'sesuai', 'jam', 'operasional', 'laku', 'trims']"
positif,"['selamat', 'siang', 'layan', 'genose', 'stasiun', 'bekas', 'layan', 'wib', 'antre', 'kondisional', 'posisi', 'di', 'parkir', 'utara', 'stasiun', 'bekas']"
positif,"['genose', 'laku', 'jam']"
positif,"['arti', 'tinggal', 'beli', 'tiket', 'pakai', 'tes', 'genose', 'jam', 'berangkat', 'udah', 'gitu']"
positif,"['engga', 'aku', 'ke', 'purwokerto', 'naik', 'surabaya', 'ngirit', 'aku', 'tes', 'genose', 'stasiun', 'malang', 'takut', 'laku', 'kalo', 'tes', 'beda', 'stasiun']"
positif,"['tes', 'pcr', 'rapid', 'test', 'antigen', 'tes', 'genose', 'sampel', 'ambil', 'kurun', 'maksimal', 'jam', 'berangkat', 'info', 'lengkap', 'sila', 'cek', 'link', 'trims']"
positif,"['kereta', 'lokal', 'pake', 'genose', 'yuuuum']"
positif,"['min', 'tes', 'genose', 'stasiun', 'bekas', 'buka', 'jam', 'ya']"
positif,"['selamat', 'pagi', 'syarat', 'ka', 'wajib', 'surat', 'terang', 'hasil', 'negatif', 'tes', 'pcr', 'rapid', 'test', 'antigen', 'tes', 'genose', 'sampel', 'ambil', 'kurun', 'maksimal', 'jam']"
positif,"['min', 'tanya', 'followersnya', 'alam', 'rupa', 'misal', 'tes', 'genose', 'stasiun', 'malang', 'naik', 'kereta', 'surabaya', 'ngga', 'atau', 'tes', 'genose', 'harus', 'di', 'stasiun', 'sesuai', 'tiket', 'kereta', 'terima', 'kasih', 'min']"
positif,"['pasca', 'tiada', 'mudik', 'tanggal', 'mei', 'wajib', 'surat', 'terang', 'hasil', 'negatif', 'tes', 'pcr', 'rapid', 'test', 'antigen', 'tes', 'genose', 'sampel', 'ambil', 'kurun', 'maksimal', 'jam', 'berangkat']"
positif,"['stasiun', 'pasar', 'senen', 'stasiun', 'kebumen', 'syarat', 'bawa', 'hasil', 'tes', 'genose', 'swab', 'repid', 'hanya', 'laku', 'jam', 'stelah', 'ambil', 'sample']"
positif,"['itu', 'drs', 'iswanto', 'apt', 'm', 'direktur', 'utama', 'pt', 'swayasa', 'prakarsa', 'bahwa', 'ini', 'genose', 'dapat', 'izin', 'edar', 'kemenkes', 'lolos', 'uji', 'diagnostik', 'ada', 'sertifikat', 'sni', 'tingkat', 'percaya', 'publik', 'hadap', 'genose']"
positif,"['kepala', 'bsn', 'kukuh', 'achmad', 'nyata', 'bsn', 'dukung', 'penuh', 'genose', 'salah', 'alat', 'deteksi', 'covid', 'akan', 'identifikasi', 'standar', 'nasional', 'indonesia', 'butuh', 'standardisasi', 'alat', 'sehat', 'genose']"
positif,"['jumat', 'bsn', 'tim', 'kembang', 'genose', 'laksana', 'diskusi', 'tajuk', 'fgd', 'proses', 'standardisasi', 'genose', 'salah', 'alat', 'deteksi', 'covid', 'genosedukungprokes', 'genosec', 'genose']"
positif,"['hadir', 'pamer', 'sneaker', 'wamenparekraf', 'angela', 'tanoesoedibjo', 'coba', 'alat', 'genose']"
positif,"['selamat', 'pagi', 'sudah', 'laku', 'periksa', 'rapid', 'test', 'antigen', 'tidak', 'tes', 'genose', 'stasiun', 'sila', 'pilih', 'salah', 'ya']"
positif,"['social', 'distancing', 'genose']"
positif,"['daerah', 'bekas', 'temenin', 'genose', 'yuk', 'ahh', 'males', 'banget', 'cendirian']"
positif,"['min', 'hasil', 'tes', 'genose', 'pakai', 'bandara', 'soetta', 'ya']"
positif,"['selamat', 'pagi', 'tumpang', 'ka', 'tawangalun', 'wajib', 'lampir', 'surat', 'terang', 'hasil', 'genose', 'pcr', 'rapid', 'test', 'antigen', 'info', 'lengkap', 'kait', 'sila', 'cek', 'link', 'trims']"
positif,"['jends', 'ngantri', 'genose', 'stasiun', 'skrng', 'brp', 'ya']"
positif,"['info', 'kena', 'ada', 'sewa', 'alat', 'genose', 'mohon', 'info']"
negatif,"['di', 'konfirmasi', 'call', 'center', 'buka', 'link', 'dari', 'pc', 'laptop', 'kendala', 'sama', 'bisa', 'tidur', 'malam', 'sama', 'nungguin', 'hasil', 'genose']"
positif,"['bandara', 'ahmad', 'yani', 'buka', 'layan', 'deteksi', 'covid', 'genose']"
positif,"['izin', 'min', 'sudah', 'rapid', 'antigen', 'perlu', 'pake', 'tes', 'genose']"
positif,"['siang', 'mending', 'nder', 'genose', 'buka', 'laku', 'jam', 'sih']"
positif,"['kuliah', 'tatap', 'muka', 'itera', 'sedia', 'alat', 'genose', 'gratis', 'via']"
positif,"['selamat', 'pagi', 'tumpang', 'akan', 'laku', 'jalan', 'ka', 'kaligung', 'wajib', 'bawa', 'hasil', 'negatif', 'rapid', 'test', 'antigen', 'pcr', 'genose', 'info', 'lengkap', 'syarat', 'tentu', 'sila', 'cek', 'link', 'trims']"
positif,"['test', 'pake', 'genose', 'udah', 'dipake']"
positif,"['imunogenisitas', 'vaksin', 'sinopharm', 'genose', 'standar', 'bsn', 'rangkum', 'kabar', 'corona', 'pagi', 'kumparannews', 'install', 'aplikasi', 'kumpar', 'baca', 'nyaman', 'iklan', 'ganggu']"
positif,"['min', 'naik', 'bus', 'test', 'genose', 'gak', 'berangkat', 'merak', 'bakauheni']"
positif,"['fess', 'ges', 'ada', 'pernah', 'jalan', 'gambir', 'balap', 'pake', 'genose', 'antri', 'banget', 'sih', 'tes', 'berangkat', 'jam', 'malem', 'tes', 'jam', 'sore', 'gitu', 'ndadak', 'banget']"
positif,"['identitas', 'masuk', 'sistem', 'layan', 'silah', 'ambil', 'nomor', 'antri', 'sesuai', 'kuota', 'antri', 'ada', 'layan', 'rapid', 'test', 'genose', 'tks', 'miftah']"
positif,"['saat', 'belum', 'sedia', 'layan', 'reservasi', 'genose', 'bandara', 'silah', 'akses', 'link', 'aplikasi', 'farmalab', 'cepat', 'proses', 'registrasi', 'lokasi']"
negatif,"['tes', 'genose', 'dr', 'jm', 'krg', 'smp', 'skrg', 'ngk', 'kluar', 'hasil', 'smp', 'tiggaln', 'kereta', 'tlg', 'evaluasi', 'tugas', 'cek', 'genose', 'lbh', 'perbyk', 'lbh', 'fifo']"
positif,"['selamat', 'pagi', 'kak', 'ini', 'laku', 'hasil', 'genose', 'x', 'jam', 'ambil', 'sampel', 'mohon', 'laku', 'genose', 'stasiun', 'pasuk', 'jam', 'berangkat', 'ka', 'tanggal', 'jam', 'periksa', 'lebih', 'berangkat', 'trims']"
negatif,"['drama', 'genose', 'pagi', 'bikin', 'keringetan', 'kek', 'kelar', 'hahaa']"
positif,"['min', 'kereta', 'lokal', 'perlu', 'bawa', 'genose', 'contoh', 'jalan', 'dr', 'tulungagung', 'malang']"
negatif,"['kecewa', 'tes', 'genose', 'jam', 'smpe', 'kereta', 'barngkat', 'keluar', 'jugaaa', 'dibatalin']"
positif,"['selamat', 'pagi', 'hasil', 'genose', 'beri', 'hari', 'sama', 'periksa', 'rencana', 'periksa', 'stasiun', 'kak']"
positif,"['izin', 'kalau', 'bentuk', 'antibodi', 'hadap', 'sars', 'cov', 'dua', 'kali', 'vaksinasi', 'cov', 'bukti', 'hasil', 'lab', 'patologi', 'masih', 'syarat', 'swab', 'antigen', 'genose', 'rapid', 'test', 'saat', 'jalan', 'meeting', 'off', 'line', 'cukup', 'prokes']"
positif,"['selamat', 'pagi', 'kak', 'ini', 'tumpang', 'ka', 'kaligung', 'kamandaka', 'wajib', 'hasil', 'negatif', 'genose', 'rapid', 'test', 'antigen', 'pcr', 'informasi', 'lengkap', 'syarat', 'tentu', 'sila', 'cek', 'link', 'trims']"
positif,"['min', 'test', 'antigen', 'genose', 'stasiun', 'udah', 'otomatis', 'ngelink', 'tiket']"
positif,"['hai', 'kak', 'hendra', 'informasi', 'layan', 'genose', 'sedia', 'bandara', 'kualanamu', 'berangkat', 'bandara', 'kualanamu', 'sila', 'hasil', 'test', 'antigen', 'pcr', 'tks', 'airin']"
positif,"['halo', 'min', 'mohon', 'info', 'test', 'genose', 'bandara', 'kualanamu', 'medan', 'sudah', 'sedia']"
positif,"['hanya', 'yia', 'layan', 'genose', 'sedia', 'bandara', 'adisutjipto', 'yogyakarta', 'tempotravel']"
negatif,"['malam', 'kak', 'air', 'asia', 'bandara', 'juanda', 'terminal', 'ada', 'daftar', 'genose', 'online', 'hindar', 'antri', 'dan', 'kerumun', 'terima', 'kasih']"
positif,"['halo', 'tanya', 'jadwal', 'berangkat', 'pada', 'tanggal', 'mei', 'maka', 'hasil', 'genose', 'dapat', 'terima', 'atur', 'maks', 'tes', 'covid', 'jam', 'laku', 'saya', 'maksimal', 'tanggal', 'mei', 'atau', 'ya', 'terima', 'kasih']"
positif,"['layan', 'genose', 'stasiun', 'purwokerto', 'operasi', 'wib', 'jumat', 'minggu', 'wib', 'antre', 'kondisional', 'posisi', 'pintu', 'barat', 'stasiun', 'trims']"
positif,"['yg', 'test', 'genose', 'tanya', 'itu', 'tingkat', 'akurasi', 'berapa']"
positif,"['selamat', 'pagi', 'tumpang', 'ka', 'lokal', 'prameks', 'wajib', 'lampir', 'surat', 'terang', 'hasil', 'genose', 'rapid', 'test', 'antigen', 'pcr', 'info', 'lengkap', 'kait', 'sila', 'cek', 'link', 'trims']"
positif,"['halo', 'min', 'tanya', 'relasi', 'kaligung', 'kalong', 'semarang', 'poncol', 'tanggal', 'mei', 'dan', 'relasi', 'kamandaka', 'semarang', 'kalong', 'tanggal', 'perlu', 'rapid', 'genose']"
positif,"['di', 'stasiun', 'skrg', 'nyediainnya', 'genose', 'si', 'tiup']"
positif,"['april', 'stasiun', 'layan', 'tes', 'genose', 'ini', 'daftar']"
negatif,"['pergi', 'bis', 'juga', 'kereta', 'lokal', 'masih', 'bisa', 'gakperlu', 'genose']"
negatif,"['baru', 'yang', 'gimana', 'tempat', 'test', 'bandara', 'kita', 'lihat', 'untung', 'mafia', 'sehat', 'jual', 'antigen', 'wajar', 'sih', 'genose', 'lambat', 'terap', 'bandara', 'murah', 'karya', 'anak', 'bangsa', 'agak', 'sulit', 'mau', 'diproyekin', 'kayak', 'gin']"
positif,"['railmin', 'kordinasikan', 'unit', 'kait', 'ini', 'genose', 'stasiun', 'gambir', 'layan', 'awal', 'pukul', 'wib', 'trims']"
negatif,"['selamat', 'pagi', 'kak', 'mohon', 'maaf', 'ketidaknyamanannya', 'layan', 'genose', 'stasiun', 'gambir', 'layan', 'wib', 'ambil', 'nomor', 'antre', 'pukul', 'wib']"
positif,"['genose', 'stasiun', 'mau', 'dari', 'layan', 'sehat', 'bisa', 'pakai', 'hasil', 'rapid', 'antigen', 'swab', 'pcr']"
negatif,"['bekas', 'genose', 'rupa', 'bekas', 'packing', 'cupang', 'alamakkk']"
positif,"['genose', 'niup', 'kantong', 'udara', 'doang']"
positif,"['semangat', 'senin', 'genose', 'rur']"
positif,"['jam', 'berangkat', 'tp', 'gantung', 'antri', 'lumayan', 'kalau', 'genose']"
positif,"['selamat', 'pagi', 'ini', 'layan', 'mesan', 'periksa', 'genose', 'aplikasi', 'kaiaccess', 'dapat', 'tumpang', 'berangkat', 'gambir', 'pasar', 'senen', 'sila', 'kece', 'genose', 'stasiun', 'layan', 'trims']"
positif,"['kereta', 'jam', 'mending', 'genose', 'jam', 'ya', 'guys']"
positif,"['bandara', 'hang', 'nadim', 'periksa', 'pcr', 'swab', 'antigen', 'antibodi', 'genose', 'steril', 'aman']"
positif,"['selamat', 'pagi', 'kak', 'mohon', 'maaf', 'balas', 'sesuai', 'adendum', 'surat', 'edar', 'tugas', 'tangan', 'covid', 'nomor', 'hasil', 'genose', 'guna', 'calon', 'tumpang', 'ka', 'sampel', 'ambil', 'stasiun', 'trims']"
positif,"['genose', 'hari', 'test', 'genose', 'besok', 'pagi', 'jkt', 'test', 'sore', 'soal', 'laku', 'jam']"
positif,"['pagi', 'kang', 'kang', 'lengkap', 'dokumen', 'harus', 'bawa', 'hasil', 'negatif', 'tes', 'pcr', 'rapid', 'tes', 'antigen', 'maksimal', 'jam', 'hasil', 'negatif', 'genose', 'berangkat', 'hatur', 'nuhun']"
positif,"['selamat', 'pagi', 'yang', 'maksud', 'jalan', 'ka', 'walaharekspres', 'masuk', 'kereta', 'api', 'lokal', 'tumpang', 'ka', 'lokal', 'walaharekspres', 'wajib', 'lampir', 'surat', 'terang', 'hasil', 'rapid', 'test', 'antigen', 'genose', 'pcr']"
positif,"['genose', 'aju', 'izin', 'lolos', 'sni']"
positif,"['selamat', 'pagi', 'kak', 'tumpang', 'ingin', 'laku', 'periksa', 'layan', 'genose', 'rapid', 'test', 'antigen', 'stasiun', 'wajib', 'tiket', 'ka', 'jarak', 'atau', 'kode', 'booking', 'aktif', 'status', 'lunas', 'paid', 'trims']"
positif,"['periksa', 'genose', 'hadir', 'stasiun', 'bangkitkanekonominkri']"
negatif,"['kali', 'nyobain', 'genose', 'kampus', 'wkwk', 'degan']"
positif,"['imunogenisitas', 'vaksin', 'sinopharm', 'genose', 'standar', 'bsn', 'rangkum', 'kabar', 'corona', 'pagi', 'kumparannews']"
positif,"['selamat', 'pagi', 'kak', 'hasil', 'genose', 'stasiun', 'cek', 'menit', 'ambil', 'sampel', 'laku', 'tetap', 'sesuai', 'antre', 'stasiun', 'trims']"
negatif,"['usaha', 'genose', 'belum', 'eh', 'pas', 'checkin', 'pintu', 'berangkat', 'sekali', 'periksa', 'cek', 'nama', 'scan', 'barcode', 'tiket', 'kereta', 'trus', 'fungsi', 'test', 'yak']"
positif,"['hari', 'bandara', 'halim', 'perdana', 'kusuma', 'laku', 'coba', 'tes', 'genose', 'tumpang', 'via']"
positif,"['genose', 'labuh', 'gilimanuk', 'bal', 'guna', 'tak', 'gratis']"
positif,"['kai', 'hadir', 'periksa', 'genose', 'stasiun']"
positif,"['min', 'sudah', 'laku', 'vaksin', 'sudah', 'bukti', 'sertifikat', 'vaksin', 'perlu', 'tes', 'genose', 'naik', 'kereta', 'mhn', 'dijwb', 'thanks']"
positif,"['selamat', 'siang', 'layan', 'genose', 'stasiun', 'madiun', 'operasi', 'wib', 'antre', 'sifat', 'kondisional', 'posisi', 'belah', 'barat', 'ruang', 'tunggu', 'stasiun', 'parkir', 'motor', 'terima', 'kasih']"
positif,"['harus', 'bawa', 'sikm', 'min', 'kalau', 'tes', 'genose', 'gak']"
positif,"['min', 'layan', 'genose', 'stasiun', 'madiun', 'jam', 'trims']"
positif,"['unit', 'genose', 'produksi', 'rektor', 'ugm', 'akan', 'inovasi']"
positif,"['selamat', 'siang', 'layan', 'genose', 'stasiun', 'bekas', 'buka', 'wib', 'antre', 'kondisional', 'trims']"
positif,"['min', 'tes', 'genose', 'stasiun', 'bekas', 'ini', 'tutup', 'jam', 'ya']"
positif,"['kai', 'hadir', 'periksa', 'genose', 'stasiun']"
positif,"['min', 'sudah', 'laku', 'vaksin', 'sudah', 'bukti', 'sertifikat', 'vaksin', 'perlu', 'tes', 'genose', 'naik', 'kereta', 'mhn', 'dijwb', 'thanks']"
positif,"['selamat', 'siang', 'layan', 'genose', 'stasiun', 'madiun', 'operasi', 'wib', 'antre', 'sifat', 'kondisional', 'posisi', 'belah', 'barat', 'ruang', 'tunggu', 'stasiun', 'parkir', 'motor', 'terima', 'kasih']"
positif,"['harus', 'bawa', 'sikm', 'min', 'kalau', 'tes', 'genose', 'gak']"
positif,"['min', 'layan', 'genose', 'stasiun', 'madiun', 'jam', 'trims']"
positif,"['unit', 'genose', 'produksi', 'rektor', 'ugm', 'akan', 'inovasi']"
positif,"['selamat', 'siang', 'layan', 'genose', 'stasiun', 'bekas', 'buka', 'wib', 'antre', 'kondisional', 'trims']"
positif,"['mudik', 'larang', 'genose', 'operasi', 'bandara']"
positif,"['pt', 'angkasa', 'pura', 'bandara', 'sultan', 'aji', 'muhammad', 'sulaiman', 'pinggan', 'laku', 'uji', 'coba', 'genose', 'syarat', 'jalan', 'uji', 'coba', 'laku', 'hari', 'kepada', 'mang', 'bandara']"
