txt,analysis
"Antri dri jam 10 sekrang baru nomer 375 untuk tes genose...gimana ni pelayanan nya,emang orang keperluannya cuma buat tes covid doang apa ya..lokasi distasiun kebumen @KAI121 https://t.co/9NMnFmIdru",negatif
"Mau laporan sama @KAI121 kalau sistem antrian pemeriksaan Genose dan Rapid Antigen tadi pagi di Stasiun KAI Madiun chaos, diprotes biar sistemnya jelas, eh saya malah dimarahi (terutama yang antigen ya)",negatif
"Sudah 3.000 Unit Genose Diproduksi, Rektor  UGM: Kami Akan Terus Berinovasi https://t.co/b87XCmX8JA",positif
@dvxooo_ Selamat siang. Layanan GeNose C19 di Stasiun Bekasi buka pukul 08.00 - 18.00 WIB (antrean kondisional). Trims.,positif
@KAI121 min untuk tes genose di stasiun bekasi hari ini tutup jam berapa ya?,positif
"@barrinputra periode h-14 pra peniadaan mudik yaitu pada tanggal 22 April s.d 5 Mei 2021 dan h+7 pasca peniadaan mudik tanggal 18-24 Mei 2021 wajib menunjukkan surat keterangan hasil negatif RT-PCR, Rapid Test Antigen, atau GeNose C-19 |2",positif
"calon penumpang yang menunggu hasil tes genose di stasiun kutoarjo, malah bejubel bikin kerumunanü•∫ @KAI121 https://t.co/sfsJMgxGA5",negatif
@deshihendra @unnesmenfess Kaligung gaperlu rapid or genose kalo masi ga yakin bisa dm kai nya ajaüòÉ,positif
"@stroberimangga_ Selamat siang. Sesuai Adendum Surat Edaran Satuan Tugas penanganan Covid-19 nomor 13 tahun 2021, hasil Negatif pemeriksaan GeNose C19 berlaku 1x24 Jam sejak pengambilan sampel ya. Terima kasih.",positif
GeNose Test wajib dilakukan di bandara asal atau bandara keberangkatan dan wajib dilakukan di hari yang sama dengan hari keberangkatan. Dapat kami informasikan bahwa utk saat ini fasilitas GeNose Test belum tersedia di Bandara Soekarno-Hatta. (4).,positif
"@KAI121 Min, jika test genose tgl 25 mei berapa hari berlaku nya utk naik kereta?",positif
Lupa udh ada GeNose wkwk....,positif
"@unnesmenfess Seminggu yg lalu mudik naik kereta ditanyain surat negatif covid, kebetulan kemarin pake genose",positif
ribet amat genose yaüôÇ,negatif
@blennymesse870 Jam operasional layanan GeNose C19 di Stasiun Jember pukul 06.00-15.00 WIB. Antrean bersifat kondisional. Trims.,positif
@contactap2 min kalau misal ke Bali tgl 21 Mei dari CGK wajib melampirkan hasil pcr atau antigen/genose aja boleh?,positif
"Hasil genose di stasiun gambir bisa langsung online, lho kok di stasiun purwokerto masih manual, gimana ini pak dirut @mas_didiek padahal masih satu negara kok bisa beda sistem @keretaapikita https://t.co/qh6cpM0NxH",negatif
@KAI121 Kalau genose di Jember jamnya sama?,positif
Bandara Supadio Pastikan Layanan Rapid  Test Antigen Dan GeNose C19 Sesuai Prosedur Kemenkes RI https://t.co/cYBnP5VSCH,positif
@blennymesse870 Tarif layanan tersebut sebesar 30 ribu/calon penumpang. Persyaratannya yaitu calon penumpang harus memiliki kode booking tiket KA Jarak Jauh dengan status terbayarkan. Silakan melakukan pemeriksaan GeNose C19 |2,positif
@estertrills Kalo genose emang selalu parah disana ter huftt.. aku selalu pilih antigen yg movingnya cepet(?) Sekarang antigen kacau juga poo,negatif
"@KAI121 halo min, jadwal genose stasiun Lempuyangan dr jam berapa sampe jam berapa ya??",positif
"Tidak Wajib Tes Covid-19, Penumpang di Terminal Kalideres akan Tes Acak Genose C19 https://t.co/n6P1jhzkfk https://t.co/nUDs5CxVRZ",positif
"lantaran adanya infeksi COVID-19 yang keluar bersama napas.LPM SINOVIA Memediasi Komunikasi Yang Sehat",positif
"dari volatile organic compound (VOC) nafas manusia yang terinfeksi COVID-19 atau tidak.Salah satu anggota Tim Pengembang GeNose, Dian Kesumapramudya Nurputra, mengungkapkan alat tersebut mengidentifikasi virus corona secara tidak langsung dengan cara mendeteksi VOC yang terbentuk",positif
"[SINO WEB]  GeNose C19 merupakan alat yang meniru cara kerja hidung manusia dengan memanfaatkan sistem penginderaan (larik sensor gas) dan kecerdasan buatan (Artificial intelligence) dalam membedakan pola senyawa yang dideteksi. Khususnya, GeNose C10 dapat membedakan pola senyawa https://t.co/Ak5z0Ax1ps",positif
@KAI121 admin utk hasil genose dr ps senen kira2 keluar jam brpya? Ini saya udah ambil sampel dr jam 11 sampe skrg masih blm ada,positif
@contactap2 halo kak untuk penerbangan 5 mei dari pgk-cgk itu bisa melampirkn hasil tes genose atau antigen? trus persyaratan lainnya apa aja kak? trims,positif
@KAI121 min genose di Gubeng buka dari jam berapa sampai jam berapa ya?,positif
Penumpang Bus AKAP Akan Jalani Tes GeNose di Setiap Terminal https://t.co/fG8qxaFFcJ #TempoMetro,positif
"@_cing @tempodotco Oh iya, bener bgt. Tar susah balik ke negara tujuan lagi apalagi kl Indo dianggap masih bahaya oleh negara tujuan. Blm biaya buat karantina jg lumayan  ya krn karantina berhari2. Di test swab/antigen/GeNose bayar lagi.",negatif
"@e100ss Udah, pake genose ajaaa...",positif
"Pemeriksaan GENOSE C19 Kini Hadir di 55 Stasiun.#LangkahBaikPerkuatNKRI https://t.co/NpeEbhYXeg",positif
Bodoh bgt lupa antigen/genose pdhl besok kereta pagi üòñüòñüòñ,negatif
@SuperSonoc Selamat siang. Layanan GeNose C19 di Stasiun Surabaya Gubeng buka pukul 07.00 - 18.00 WIB (antrean kondisional). Trims.,positif
"@calalaio Selamat siang Kak. Penumpang KA Lokal Prameks saat ini tidak diwajibkan menunjukkan hasil negatif GeNose C19/rapid test antigen/RT-PCR. Informasi lengkap syarat dan ketentuan, silakan bisa cek link berikut: https://t.co/LYSEeo7TZj. Trims.",positif
@KAI121 tes Genose c19 di st. Gubeng buka sampai jam berapa ya?..,positif
"@infobdg Kl sy jadi PRESIDEN mah moal ngalarang mudik ... Mudik boleh tapi yg mudik harus negatif, siapkan tes genose di terminal2, posko2 dan stasiun biar murah dan cepat. Prokes tetap dilaksanakan, silaturahmi terjaga ...",negatif
"@octzven Selamat siang. Penumpang KA #Kaligung tidak wajib rapid test antigen/PCR/GeNose Test. Namun tetap wajib memakai masker (kain 3 lapis/medis), dalam kondisi sehat tidak menderita flu, pilek, batuk, hilang daya penciuman, diare dan demam. |1",positif
Pemeriksaan GeNose Covid-19 secara acak kepada penumpang di Terminal Kalideres akan dilakukan selama pengetatan persyaratan mudik pada 22 April-5 Mei. https://t.co/wFKU7J3vIk,positif
@darmawant20 Silakan melakukan pemeriksaan GeNose C19/Rapid Test Antigen dalam kurun waktu maksimal 1x24 jam sebelum keberangkatan. Tentunya dengan menyesuaikan pada jam operasional layanan tersebut. Trims. |5,positif
@darmawant20 Kemudian untuk tarif layanan Rapid Test Antigen sebesar 85 ribu/calon penumpang. Persyaratan bila ingin Rapid Test Antigen/GeNose C19 di stasiun yaitu calon penumpang harus memiliki kode booking tiket KA Jarak Jauh dengan status terbayarkan. |4,positif
@darmawant20 Kemudian untuk layanan Rapid Test Antigen di Stasiun Gambir beroperasi pukul 06.00-19.30 WIB. Pengambilan nomor antrean mulai pukul  05.00 WIB/kondisional. Tarif layanan GeNose C19 sebesar 30 ribu/calon penumpang. |3,positif
"@atikafiaaa Benar, saat ini penumpang KA Lokal tidak diwajibkan menunjukkan hasil negatif GeNose C19/rapid test antigen/RT-PCR. Informasi lengkap syarat dan ketentuan, silakan bisa cek link berikut: https://t.co/LYSEeo7TZj. Trims.",positif
@darmawant20 Selamat siang Kak. Layanan GeNose C19 di Stasiun Pasar Senen beroperasi pukul 07.00-19.00 WIB. Kemudian untuk layanan GeNose C19 di Stasiun Gambir beroperasi pukul 07.00-19.30 WIB. Antrean di kedua stasiun tersebut dibuka mulai pukul 06.00 WIB/kondisional. |1,positif
"@sakti_surian Selamat siang. Anak usia 12 tahun wajib menunjukkan surat keterangan hasil negatif tes rt-pcr/rapid test antigen/tes genose C-19 yang sampelnya diambil dalam kurun waktu maksimal 1x24 jam sebelum keberangkatan, sebagai persyaratan naik KA Jarak Jauh. Trims.",positif
"@messynluvkoi Baik, layanan GeNose C-19 di St. Pasar Senen beroperasi pukul 07.00-19.00 WIB (Antrian mulai 06.00/Kondisional). Posisinya berada di Dekat Pintu Kedatangan (Samping Musala) ya. Trims.",positif
"Nyobain Genose untuk pertama kali,
Rasanya ngeri2 sedep euy...üò∂",negatif
"@Ranggasptr_ Selamat siang. Saat ini calon penumpang KA Penataran Dhoho tidak diwajibkan melampirkan surat keterangan GeNose C19, RT-PCR atau Rapid Test Antigen. Info lengkap syarat ketentuannya, silakan cek link berikut https://t.co/LYSEeo7TZj. Trims.",positif
"@itsacipa @KAI121 Pengalaman saya kmrn pp gambir - purwokerto, lakukan tes genose h-1 sblm kbrangkatan, spy ngga terburu2. Hanya perlu wkt 15 mnt dr daftar smp hasil diterima",positif
dear @KAI121 utk anak dibawah 12 tahun apakah harus melakukan tes genose/antigen?,positif
"@tooony93895099 Selamat siang. Pengecekan hasil GeNose C19 dapat dilakukan pada menu ""Tes covid-19"" yang tersedia di aplikasi KAI Access dan dapat scan QR Code yang sudah diberikan oleh petugas. |1",positif
@yudasap3798 Selamat siang. Layanan GeNose C19 di Stasiun Yogyakarta beroperasi setiap hari pukul 07.00 - 19.00 WIB (antrean kondisional). Posisinya di ruang tunggu stasiun sebelah Selatan. Trims.,positif
"Penampakan Pelabuhan Merak, Penumpang Antre Tes GeNose https://t.co/adyy3zqsFe",positif
"@KAI121 Selamat siang min, mohon maaf boleh minta share informasinya utk jam operasional Test Genose/Rapid/PCR di Stasiun Gambir &amp; Stasiun Senen? Terimakasih üôè",positif
"Ga sanggup lah kalau indo sampai kayak india, mau sampai kapan corona jadinya wakk:‚Äù) makin ada alasan pemerintah nyuruh kita swab atau antigen atau genose nantikü•∞",negatif
"@KAI121 min, kalo KA Lokal Penataraan Dhoho ( Kepanjen - Sembung), pake tes genose atau tidak?",positif
@flyaway2you GeNose C19 dalam kurun waktu maksimal 1x24 jam sebelum keberangkatan. Tentunya dengan menyesuaikan pada jam operasional layanan tersebut. Trims. |3,positif
"@flyaway2you Selamat siang. Jika sudah memiliki kode booking tiket KA Jarak Jauh dengan status terbayarkan, maka dapat melakukan pemeriksaan GeNose C19 di Stasiun Mojokerto. Jam operasionalnya pukul 07.00-18.00 WIB. Antrean bersifat kondisional. |1",positif
@KAI121 siang min mau nanya min Jadwal Genose di stasiun Tugu Hari minggu buka sampe jam brp min?,positif
"Selamat siang @KAI121 Saya ingin melakukan perjalanan dari st. Gubeng Sby ke st. Bandung. Untuk genose, apakah bisa saya lakukan di st. Mojokerto pada hari yg sama dg keberangkatan? Terimakasih, sehat selalu admin ‚ò∫Ô∏è",positif
"Calon penumpang kereta api jarak jauh di Stasiun Pasar Senen, Jakarta Pusat memadati antrian untuk tes GeNose C19 dan Rapid Test Antigen sebelum melakukan perjalanan dengan kereta api. üì∏ Asb #SalingJagaDanTetapTidakMudik https://t.co/I0jXXwCJ7Z",positif
"@detikcom Itu yg kena penyekatan memang dites 1-1? Penyekatan aja udah bikin macet, kapan mau ngetesnya. Kalo pun pake Genose itu jg butuh waktu buat ngetes semua pemudik yg lewat.",negatif
"@candycrushjm Selamat siang Kak. Penumpang KA Tawang Alun saat ini tidak diwajibkan menunjukkan hasil negatif GeNose C19/rapid test antigen/RT-PCR. Informasi lengkap syarat dan ketentuan, silakan bisa cek link berikut: https://t.co/LYSEeo7TZj. Trims.",positif
"@KAI121 @bayu_suset min sya udh tes genose hasilnya dilihat di barcode. tp blum d ketahui gmna solusinya trimksh",positif
"Dear min @KAI121 buka layanan genose sampai jam brp yaa? Thanks",positif
papa w gila banget mesen tiket kereta cuma buat genose üò≠,negatif
"Langgar Prokes, Penumpang Kapal di Merak Berdesakan Tes GeNose https://t.co/XL3f8z89wW",negatif
"@bayu_suset Tarif sebesar 30 ribu/calon penumpang. Informasi mengenai layanan pemeriksaan GeNose C19, silakan bisa cek link berikut:https://t.co/IojacNTJxW. Trims. |2",positif
"Selamat siang min @KAI121 Saya mau bertanya, terkait update protokol yg mewajibkan adanya hasil tes rapid antigen/genose, apa itu juga berlaku untuk penumpang KA tawang alun? Untuk jadwal keberangkatan besok tanggal 3 mei 2021. Terima kasih..",positif
"Berasa sekarang pcr/swab/genose atau fasilitas kesehatan ndak memadahi Seakan klo orang jakarta itu pembawa petaka, padahal ane bolak balik jakarta - bekasi - jogja juga Alhamdulillah fine2 aja",negatif
Min @KAI121 layanan genose di stasiun lempuyangan hari ini dibuka sampai jam berapa ya?,positif
"@pinkinseyo Yg aku cerita kmrn nah wlwk genose, divisi ku disuruh ngehandle itu jg ü•≤",negatif
@KAI121 min kalo mau berangkat tapi hasil genose belum keluar gimana soalnya hasilnya lama. Saran min utk yg mau brgkat lebih baik didahulukan kyk wktu rapid dulu,positif
"Kalau untuk penerbangan @lionairgroup dari bandara soekarno hatta, harus antigen? bisa antibody atau genose gak?",positif
"@KAI121 min, di stasiun kroya tersedia layanan genose tidak?makasih",positif
Ahli epidemiologi UI menyarankan agar semua pedagang di pasar tanah Abang untuk segera melakukan tes swab dan tes rapid antigen serta tes Genose C-19 secara massal dan jika ada yang terindikasi positif Covid-19 untuk segera melakukan karantina selama 14 hari.,positif
"@zkysga Selamat pagi Kak dan mohon maaf atas ketidaknyamanannya. Guna pengecekan, mohon infokan layanan GeNose C19 di stasiun mana serta kendala yang dimaksud seperti apa. Trims.",positif
"Akurasinya 97% dan Lebih Murah, GeNose Siap Gantikan¬†Antigen https://t.co/VZ67anHwNB",positif
Nganterin mas eksel tes genose ternyata positif. Mana udh nginep dirumah semalem,negatif
"@KAI121 Saya hampir setiap weekend Bandung-Tegal PP. Ketika berangkat relatif aman dan sepi karena jam berangkat keretanya malam dan dini hari. Tapi saat tes genose/swab, baik tempat tes genose dan ruang tunggu ramai min. Antrian dan duduk masih rapat2 juga. Lainnya cek DM min...",negatif
"@AsatriyaP @angkasapura172 Mau tanya mas, genose di juanda antriannya panjang gak ya waktu mas test?",positif
"@prama_prapra Selamat siang. Perjalanan KA Joglosemarkerto tidak perlu melampirkan surat Genose Test, Rapid Test Antigen atau PCR/SWAB. Info lengkap syarat ketentuan untuk perjalanan KA lokal/komuter/aglomerasi, silakan cek link berikut https://t.co/lA1igxEdfp. Trims.",positif
"@Violettuvwxyz Untuk saat ini penumpang KA Lokal tidak diwajibkan menunjukkan hasil negatif GeNose C19/rapid test antigen/RT-PCR. Informasi lengkap syarat dan ketentuan, silakan bisa cek link berikut: https://t.co/LYSEeo7TZj. Trims.",positif
@asdp191 @renydwi1011 Untuk pelabuhan Bakauheni disediakan cek genose tidak min?,positif
Tes Genose Tak Berlaku bagi Penumpang Kapal dengan Mobil di Merak https://t.co/zUgJOKGrvB,positif
GeNose Diyakini Bisa Deteksi Varian Baru https://t.co/UMrAeZTM4F,positif
"Terdapat 500 kantong udara untuk GeNose yang disediakan. Setiap harinya ditargetkan 50 orang mendapatkan tes GeNose. Setelah melakukan test, hasil dapat langsung diterima dalam jangka waktu 10 menit.",positif
"Badan Pengelola Transportasi Jabodetabek (BPTJ) Kementerian Perhubungan menyediakan tes GeNose di Terminal Baranangsiang. #infobogor #beritahariini #beritabogor #tesgenose #covid19 #welovebogor https://t.co/Lt265ucNyd",positif
"@KAI121 selamat siang min, kalau untuk KA Lokal apakah wajib tes genose ? Terimakasih min",positif
"@poohhhbear27 Selamat pagi Kak. Penumpang KA Lokal saat ini tidak diwajibkan menunjukkan hasil negatif GeNose C19/rapid test antigen/RT-PCR. Informasi lengkap syarat dan ketentuan, silakan bisa cek link berikut: https://t.co/LYSEeo7TZj. Trims.",positif
"@Citilink min, untuk penerbangan keluar kota sblm tgl 6 apakah wajib tes rapid antigen dan genose atau salah satu saja min?",positif
"@dodi_real_ Atau hasil negatif tes GeNose C19 di Bandar Udara sebelum keberangkatan dan seluruh penumpang wajib mengisi e-HAC (electronic Health Alert Card) Indonesia. Selengkapnya bisa kamu cek di https://t.co/pwEK1N8tlV Semoga informasinya membantu. Terima kasih üòä by : PY ( 2/2 )",positif
@estelaninab Selamat pagi Kak. Silakan bisa langsung datang ke stasiun. Pelayanan GeNose C19 di Stasiun Pasar Senen pukul 07.00-19.00 WIB (antrean mulai 06.00 WIB/kondisional). Posisinya di dekat pintu kedatangan (samping Musala). Trims.,positif
Alhamdulilahh di pelabuhan bakauheni bsa genose dan rapid antigen,positif
"@zenrs Setelah bisnis swab 900ribu telah usai karna ada tes genose yg murah, kini vaksin yg dijadiin ladang bisnis memeras rakyat setelah wakil rakyat dan para pejabat mendapatkan vaksin gratis. Topüëå",negatif
Ada puluhan pengunjung warkop yang dites GeNose. https://t.co/R6OATSl1uM,positif
"@circl_ Benar, untuk layanan Genose Test di St. Kiaracondong hingga pukul 23.00 WIB. Trims.",positif
@almirasetiadi Tapi genose lebih murah gak sih mik?,positif
"@kohrds Mohon maaf, saat ini belum tersedia layanan GeNose C-19 di Stasiun Cilacap. Alternatif, silakan melakukan pemeriksaan GeNose C-19 di Stasiun Purwokerto mulai pukul 08.00-16.00 WIB (Jumat-Minggu sampai dengan pukul 17.00 WIB, antrean kondisional). |1",positif
"@fdhlfhm Selamat pagi Kak. Saat ini masa berlaku surat keterangan hasil GeNose C19/ RT-PCR/ Rapid Test Antigen yaitu 1x24 jam sejak pengambilan sampel yang dilakukan. Informasi lengkapnya, silakan cek link berikut: https://t.co/UtXsB9pZMD. |1",positif
@eko13ramadhan surat keterangan hasil Negatif Covid-19 berdasarkan PCR/GeNose C19/Rapid test Antigen yang sampelnya diambil dalam kurun waktu maksimal 1x24 jam sebelum keberangkatan. Hal ini Sesuai Adendum Surat Edaran Satuan Tugas penanganan Covid-19 nomor 13 tahun 2021. Trims. |2,positif
@djodies Selamat pagi. Layanan pemeriksaan GeNose C-19 di Stasiun Bekasi mulai pukul 08.00-18.00 WIB (antrean kondisional). Lokasinya berada di parkir utara Stasiun Bekasi. Trims.,positif
@RockersPantura Genose ??? Kereta pake genose ...ini yg kadang keadilan tak merata ...punya uang punya kuasa bisa mudik ...,negatif
"@RomasLutfi Selamat pagi Kak, layanan GeNose C19 di Stasiun Purwokerto beroperasi mulai pukul 08.00-16.00 WIB (khusus hari Jumat-Minggu hingga pukul 17.00 WIB), dengan anteran bersifat kondisional. Silakan lakukan pemeriksaan GeNose bila sudah masuk 1x24 jam |1",positif
@jogjamf ya jaga jaga bawa genose aja nder,positif
"@rahmahnuramira GeNose yg sebelumnya dipromosikan murah 25k, pada kenyataannya dipatok harga 40-60k. Percaya govt sekarang sama dengan musyrik",negatif
"@Araghutama Di berita itu kan juga gak jelas metode tesnya gimana, pakai genose/rapid yg tingkat keslahannya tinggi (apalagi kalau asal acak gak puasa sejam sebelumnya) atau pcr yg valid (mahal ini eman kalau buat tes acak ü§≠)",negatif
New post (GeNose Diyakini Bisa Deteksi Varian Baru) has been published on Baca Pesan - https://t.co/lSxLd6MQgM https://t.co/NXQVxdMKhL,positif
@KAI121 untuk tes genose di st bekasi dari jam berapa dampai jam berapa ya?,positif
"@kohrds Selamat pagi Kak. Guna Railmin bantu pengecekan jadwal layanannya, berencana ingin melakukan pemeriksaan GeNose C19 di stasiun mana?",positif
"@Citilink halo min. Tgl 4 mei saya penerbangan dari juanda ke Palembang, tapi transit di soetta. Rencananya saya mau ambil tes genose aja di juanda, nah itu hasil genosenya bisa dipake ga saat saya transit di soetta? Tq.",positif
@KAI121 min kalau sdh vaksin 2 kali. Apakah harus tes rapid/genose di stasiun?,positif
Cape cape genose ga diperiksa bgst,negatif
@sukaskincarean @infomalang Boleh kak kmren pas pulang aku harusnya naik di St Senen tapi tes genose di stasiun Bekasi boleh,positif
Layanan ini tersedia hanya dari pukul 06.00 WIB sampai 14.00 WIB. https://t.co/VNJtAxaHze,positif
Layanan GeNose C19 di Stasiun Yogyakarta mulai pukul 07.00-19.00 WIB (antrean kondisional). Lokasinya di ruang tunggu stasiun sebelah selatan. Trims. |2,positif
"@KAI121 halo KAI. jadwal genose dan rapidtest stasiun Madiun buka dari jam brp, tutup jam brp ya?",positif
"@lilangelmuffin_ Selamat pagi. Calon penumpang KA lokal saat ini tidak diwajibkan menunjukkan hasil negatif GeNose C19/rapid test antigen/RT-PCR. Informasi lengkap syarat dan ketentuan, silakan bisa cek link berikut: https://t.co/lA1igxEdfp. Trims.",positif
@KAI121 Untuk 18-13 mei itu antigen / genose berlaku 1hari atau kembali ke 3hari?,positif
"Tes GeNose Mulai Diterapkan di  Gilimanuk, Padangbai Menyusul https://t.co/cziXO20p2e #berita #nusabali #PelabuhanGilimanuk #pandemi #GeNose #PTKimiaFarma #COVID19",positif
"@kompascom Oh baru sadar jd selama ini yg dilaporkan berdasarkan hasil PCR. Benar2 jadi gunung es. Pantes aja stabil tanpa gelombang, PCR kan mahal. Ada yg murah spt genose ga dipakai. Bangsa ini doyan yg mahal dan high cost",negatif
@KAI121 @vivianaputrii Maaf min mau tanya untuk geNose apa bisa langsung dilakukan beberapa waktu sebelum keberangkatan di stasiun Purwokerto? Maksudnya apa layanan test tersedia mengikuti jadwal keberangkatan kereta walaupun malam hari?,positif
@KAI121 min mau tanya jam operasional pelayanan genose ?,positif
"@cpepeeee Selamat pagi. Hingga saat ini, penumpang KA Lokal tidak diwajibkan melampirkan surat keterangan hasil GeNose C19/Rapid Test Antigen/RT-PCR. Info lengkap terkait ketentuannya, silakan cek link berikut https://t.co/LYSEeo7TZj. Trims.",positif
"@vivianaputrii Selamat pagi Kak. Saat ini layanan GeNose tersedia di Stasiun Pasar Senen, Gambir, Bekasi, Bandung, Kiaracondong, Tasikmalaya, Banjar, Cirebon, Cirebon Prujakan, Jatibarang, Semarang Tawang, Semarang Poncol, Tegal, Pekalongan, Cepu, Purwokerto, Kutoarjo, |1",positif
"@KAI121 cek dm min.. 
Hasil tes genose g keluar..yg barenagan.. udh keluar..",negatif
"@KAI121 min izin bertanya, jika keberangkatan kereta dari stasiun surabaya pasar turi, tetapi saya melakukan genose di stasiun sidoarjo, apakah tidak apa-apa min?",positif
DARI EMPAT BOOTH GENOSE YANG BUKA CUMA 2??? astagaaaa ngantri bgt iniii kok jelek bgt siihhh manajemen nyaaa anjg,negatif
"Akhirnya ibu memutuskan untuk tes genose, syukur negatif. Sampek kantor dpt kabar kalo rekannya yg +cov kemaren memburuk keadaannya, trus pihak kantor lewat poliklinik panggiling satu2 yg seruangan sama beliau, di introgasi satu2. Untungnya ibu baru bgt tes genose jd aman2 aja.",positif
"@hola_mjmj @kemenhub151 @jokowi wajib menunjukkan surat keterangan hasil negatif tes RT-PCR, rapid test antigen, atau tes GeNose C19 yang sampelnya diambil di stasiun dalam kurun waktu maksimal 1x24 jam sebelum keberangkatan. Trims. |3",positif
"@KAI121 min, di stasiun Sidareja apa sudah tersedia genose?",positif
@_EriManday_ Tarif Rapid Test Antigen di stasiun sebesar 85 ribu/calon penumpang. Jika tarif GeNose C19 yaitu 30 ribu/calon penumpang ya. Trims.,positif
bisabisanya aplikasi buat daftar genose cuma ada di android aja. alhasil antrian makin panjang di bandaraüôÑ lame ass,negatif
Ada yg pernah tes genose di Tawang? Kira2 bisa ga ya dateng lgsg ke sana dan biasanya tutup jam berapa? -dips!,positif
@_EriManday_ Bisa Kak. Silakan melakukan pemeriksaan setelah memasuki waktu 1x24 jam sebelum jadwal keberangkatan KA dengan tetap menyesuaikan operasional layanan GeNose C19 di stasiun ya. Trims.,positif
@KAI121 @aguspriyanto01 genose udah tersebar di stasiun mana aja ya min? weleri sama semarang blm ada ya?,positif
"@aguspriyanto01 (antrean mulai pukul 05.00 WIB/kondisional). Bila layanan GeNose C19, beroperasi mulai pukul 07.00-19.30 WIB (antrean mulai pukul 06.00 WIB/kondisional). Trims. |2",positif
"@aik_arif Sampe sekarang genose belum jelas kajian ilmiahnya. Jurnalnya aja belom keliatan batang hidungnya.Tapi ya gitu, demi anu anu, semuanya boleh. Indo mah emang beda.",negatif
"@Dwiyono1701 Selamat pagi Kak. Hasil pemeriksaan GeNose C19/Rapid-test Antigen akan keluar pada hari yang sama ya, dapat menunggu ¬±15-30 menit setelah pengambilan sampel. Namun, tetap menyesuaikan dengan jumlah antrean saat pemeriksaan ya. Trims.",positif
"@syamsul_huda11 Selamat pagi Kak, layanan GeNose Test di St. Yogyakarta Tugu, untuk posisinya berada di ruang tunggu stasiun sebelah selatan. Trims.",positif
@_EriManday_ Jika layanan Rapid Test Antigen mulai pukul 08.00-19.00 WIB (antrean kondisional). Lokasi pelayanan GeNose C19 dan Rapid Test Antigen di Parkir Utara Stasiun Bandung. Trims. |2,positif
@_EriManday_ Silakan dapat memilih salah satunya ya (GeNose C19/rapid test antigen). Pastikan saat keberangkatan surat keterangan tersebut masih berlaku. Layanan GeNose C19 di Stasiun Bandung mulai pukul 07.00-19.00 WIB (antrean kondisional). |1,positif
"@KAI121 Hari ini bisa langsung cek genose, min?",positif
"@keretaapikita Cikampek belum tersedia mim?
Yang tinggal karawang dan sekitarnya tes genose c19 repot harus ke bekasi kejauhan min.
Mohon maaf hanya masukan min.
Terima kasih.",negatif
"@KAI121 Min untuk hasil genose dan swap antigen di st GMR , PSEkeluarnya berapa lama ? Terima kasih",positif
"@UNSfess_ kurang tau, bawa aja keterangan rapid/genose biar kalo ada pengetatan tetep bisa lanjut jalan",positif
@KAI121 lokasi genose dimana untuk Yogyakarta?,positif
"@_EriManday_ Selamat pagi. Penumpang KA Jarak Jauh wajib melampirkan salah satu dari hasil negatif GeNose C-19, RT-PCR atau Rapid Test Antigen. Info lengkap dapat dicek pada link berikut https://t.co/fIwPgH6WvI. Rencana ingin mengikuti pemeriksaan di stasiun mana Kak?",positif
"Ini testingnya pake Genose???Lebih-lebih kalo tesnya pas jam buka puasa. Kan Genose false positivenya tinggi banget kalo untuk orang yg baru makan/ngerokok. https://t.co/vEkMIaGa34",negatif
"@alfiyyann periode h-14 pra peniadaan mudik yaitu pada tanggal 22 April s.d 5 Mei 2021 dan h+7 pasca peniadaan mudik tanggal 18-24 Mei 2021 wajib menunjukkan surat keterangan hasil negatif tes rt-pcr, rapid test antigen, atau tes genose C-19 |2",positif
"Pemudik Penuhi Pelabuhan Merak Hingga Menjelang Sahur Hari Minggu Ini, Berkerumun Antre Tes GeNose
 
https://t.co/uYIGh2ew6M via @tribunbanten",positif
@ikhwanfr26 Selamat pagi Kak. Saat ini GeNose C19 berlaku 1x24 jam dari pengambilan sampel yang dilakukan. Silakan melakukan pemeriksaan setelah memasuki waktu 1x24 jam dari keberangkatan KA dengan tetap menyesuaikan jam layanan GeNose di stasiun. |1,positif
"Sebelum pandemi India pernah melawan kebutaan akibat diabetes dengan bantuan AI,
So why can't us fight covid19 using genose Pak Menteri @KemenkesRI
?
https://t.co/MeA4cUYyNs",positif
"kemaren pergi ke mall yg ada di jl merdeka, isi nya penuh sama org2 yg beli baju bedug, bahkan saat buka puasa mereka rela ""ngemper"" di lantai, mereka berkumpul tanpa perlu swab antigen/genose. cukup thermo gun sama security yg asal keluar angka.
ahh negeri ini memang makin aneh.",negatif
"@illyakbar Iya Li gue ngerti, dunia kedokteran mungkin memang sulit menerima genose, ini kan AI.
Gue juga nggak maksud itu diakui internasional, cuma kalau udah dipakai secara masal dan dipercaya tingkat akurasi diatas 90% lalu kenapa nggak sekalian juga ada datanya?",negatif
"@abusabila Selamat pagi Kak. Saat ini GeNose C19 berlaku 1x24 jam dari pengambilan sampel yang dilakukan. Jika sudah melebihi ketentuan tersebut, silakan lakukan pemeriksaan kembali. Trims.",positif
"@KAI121 min, mau tanya kalo jadwal kereta jam 10 malam, sebaiknya genose jam berapa?",negatif
"@KAI121 Selamat pagi Min... Siang ini saya mau naik kereta, Banyuwangi menuju Surabaya. Apakah hasil Genose saya dari Banyuwangi ke Surabaya berlaku dan bisa digunakan untuk melanjutkan dari Surabaya ke Jakarta",positif
@jaka_mat2 Genose itu beda dengan pcr kang. So ga bisa dimasukkin ke angka testing covid. Gold standard test covid untuk seluruh dunia masih pcr.,positif
"Satgas Covid-19 meminta seluruh pedagang di pasar tanah Abang Jakarta pusat untuk segera melakukan tes swab dan tes rapid antigen serta tes Genose C-19, satgas Covid-19 menyayangkan adanya kerumunan orang di satu tempat di pasar tanah Abang Sabtu kemarin.",positif
Wakil gubernur DKI Jakarta menyayangkan adanya kerumunan warga di pasar tanah Abang Jakarta pusat Sabtu kemarin.wakil gubernur perintahkan agar pasar tanah Abang di tutup sementara waktu dan semua pedagang di tes swab dan tes rapid antigen serta tes Genose C-19 hari ini,positif
Walikota Jakarta pusat menyatakan bahwa semua pedagang di pasar tanah Abang akan segera melakukan tes swab dan tes rapid antigen serta tes Genose C-19 untuk mengetahui apakah mereka positif Covid-19 atau tidak? Saat ini kasus harian Covid-19 di Jakarta masih tinggi di Indonesia,positif
"@dov_Now Pagi sahabat, tersedia layanan GeNose C19 di Bandar Udara El Tari Kupang yang terletak di seberang pick up zone area parkir kendaraan depan terminal keberangkatan, fasilitas tersebut beroperasi setiap hari pukul 07.00-14.00 WITA dan dikenakan biaya Rp 50.000,-. Tks. -Fika",positif
"@Rianewway Informasi mengenai layanan pemeriksaan GeNose C19, silakan bisa cek link berikut: https://t.co/IojacNTJxW. Trims. |3",positif
@Rianewway Layanan GeNose C19 di Stasiun Gambir mulai pukul 07.00-19.30 WIB (antrean mulai 06.00/ kondisional). Lokasinya di area parkir utara (dekat Gerai Indomaret). |2,positif
"@djodies Selamat pagi Kak. Jika sudah pesan GeNose C19 via #KAIAccess, untuk pemeriksaannya hanya dapat dilakukan di Stasiun Gambir atau Pasar Senen. Rencana datang ke stasiun mana?",positif
@ngalamfess genose aja bisa.,positif
"@KAI121 pagi min mau tanya, jika sudah punya tiket pemberangkatan dari ps senen + pesan cek genose via kaiaccess tapi rencana cek genose di gambir apakah tidak masalah? Terima kasih",positif
"@KAI121 min, jika udah pesen tes genose via app kai. Apakah bisa dipakai untuk tes di stasiun mana saja?",positif
"https://t.co/TwBv1DGFDX
Yth Pak Menteri @KemenkesRI 
Jumlah data tes genose harusnya diakumulasi dan dipublikasikan,
Biar rakyat juga tau, kan test ini udah valid, angka internasional hanya pakai PCR seolah2 negara kita tertinggal, padahal nggak",negatif
@hendrarifky Selamat pagi Kak. Layanan GeNose C19 di Stasiun Yogyakarta Tugu beroperasi setiap hari pukul 07.00 - 19.00 WIB (Antrean Kondisional). Lokasinya berada di ruang tunggu stasiun sebelah selatan. Tarifnya sebesar 30 ribu rupiah. Trims.,positif
"@cattyphant Aku malah cape2 ngantri genose eh malah gabisa disuruhnya antigen, padahal dah bayar dan antrian yg depan aku malah masih bisa tes genose. Sebel",negatif
@circl_ Selamat pagi. Pelayanan GeNose C19 tersedia di Stasiun Kiaracondong beroperasi setiap hari pukul 08.00 - 23.00 WIB (antrean kondisional). Terletak di depan ruang customer service. Tarifnya 30 ribu rupiah. Trims.,positif
"Video Tes Genose di Terminal Baranangsiang Bogor Mulai Diberlakukan - #INDONESIA

https://t.co/UGoEM5GFE0",positif
@KAI121 bos pelayanan genose di stasiun tugu YK sampai jam brp ya?,positif
@KAI121 min layanan tes Genose stasiun Kiaracondong ada gak ya? Kalo ada beroperasi jam berapa aja? Terima kasih,positif
"Top 3 Tekno Berita Kemarin: GeNose Lawan Mutasi Corona, KRI Nanggala-402 https://t.co/U2QS3wkghi #TempoTekno",positif
Sejumlah calon penumpang kapal di Pelabuhan Merak kebingungan saat menggunakan GeNose. Begini ceritanya: https://t.co/fekpGEzA1n,positif
Nggak. Tapi genose. https://t.co/N6bmE0F18r,positif
@bertanyarl Pake genose tp baru aja kmrn dpt info dr tmn yg pnya kenalan krja di KAI klo mau naik kereta antar kota hrs pnya surat izin keluar masuk daerah jg nder biar bisa pergi dan balik lg. Cmiiw,positif
@badgaIririnow Udah tes genose sekarang aja ü§£ü§£,positif
"Top 3 Tekno Berita Kemarin: GeNose Lawan Mutasi Corona, KRI Nanggala-402 https://t.co/tazyN7TWFC",positif
"Banyak pengalaman di covid. Mulai dari antibodi, antigen smpe genoseüòä",positif
"@Dhanijklmn Selamat pagi Kak. Layanan GeNose C19 di Stasiun Gambir beroperasi setiap hari, mulai pukul 07.00 - 19.30 (antrian mulai 06.00/kondisional). Jika di Stasiun Pasar Senen, mulai pukul 07.00 - 19.00 (Antrian mulai 06.00/Kondisional). Tarif layanan GeNose sebesar 30 ribu. |1",positif
@diyan_prakoso Selamat pagi. Layanan GeNose test di Stasiun Gombong mulai pukul 08.00 - 17.00 WIB (Antrean Kondisional). Letaknya di Gedung lama dekat pintu masuk parkir. Trims.,positif
"@lina30164 Selamat pagi. Anak usia dibawah 5 tahun jika perjalanan menggunakan KA Jarak Jauh, tidak diwajibkan Rapid Antigen/GeNose test ya kak. Trims.",positif
"@KAI121 malam min, jam buka tes genose untuk stasiun gombong jamberapa yaa?",positif
@ismizidantaft Layanan GeNose test di Stasiun Surabaya Pasar Turi buka mulai pukul 07.00 - 18.00 WIB (Antrean Kondisional). Letaknya dekat area Customer Service. Trims.,positif
@KAI121 Untuk usia 4th apa perlu tes GeNose juga min ?,positif
"@rawabelong31 Lagian cegatan antigen/genose setengah-setengah, awto terobos wae lah..",negatif
Hai @KAI121 mau nanya dong jadwal test genose dan rapid test di stasiun senen dan gambir dimulai pukul brp sampai pukul brp yak ?,positif
"Kalo tes genose bsk ngantri, keknya w mlipir ke ksp aja. Ga pake ngantri, ga pake bayar juga. Tp alasan ke sana paan yak:')",negatif
@Dianeriprasetya Selamat pagi. Layanan GeNose test di Stasiun Surabaya Gubeng buka mulai pukul 07.00 - 18.00 WIB (Antrean Kondisional). Letaknya di sebelah Rapid Antigen ( Dekat Indomaret). Trims.,positif
@mohfawaed Aku ga serumah sih sm masku. Tp pas sakit kemaren sempet jenguk pas dia blm swab. Nah sekarang aku takut. Besok kan mo pulang naik kereta dan tes genose. Aku takut kalo misal hasilnya positif.. tapi semoga negatiff,positif
"@KAI121 Min, untuk ka aglomerasi seperti kaligung apakah mengikuti kebijakan harus menunjukkan syarat rapid atau genose?",positif
"@roczxsy Selamat malam. Bila pendaftaran pemeriksaan GeNose C19 via aplikasi KAI Access baru tersedia di Stasiun Gambir dan Pasar Senen. Selain keberangkatan dari stasiun tersebut, silakan dapat melakukan pendaftaran dan pemeriksaan secara langsung ya. |1",positif
@tokoya_id Layanan GeNose di Stasiun Bandung beroperasi pukul 07.00-19.00 WIB (Antrean Kondisional). Terletak di Parkir Utara Stasiun Bandung. Penumpang diimbau menyisihkan waktu yang cukup saat tes GeNose C19 untuk menghindari tertinggal KA. Trims. |2,positif
"@tokoya_id Selamat malam. Mohon maaf, belum tersedia pemeriksaan GeNose di Stasiun Cimahi. Silakan dapat melakukan pemeriksaan di setiap stasiun yang melayani, tentunya dengan menyesuaikan waktunya ya. |1",positif
"Dari jumlah tersebut, kata Panut, sebanyak 2.400 unit telah beredar dan 600 unit tengah menunggu pemasangan terutama di Kemenhub.

https://t.co/0DOWD1k5sq",positif
"Lakukan Tes GeNose Secara Acak, Begini Prosedur Di Terminal Baranangsiang
#NewsRCTIPlus
https://t.co/Tbs6xuCMIW",positif
@KAI121 layanan tes genose di stasiun gubeng buka jam berapa min.thx,positif
"@carlosiregar2 Iya, makanya mo nyoba d GeNose, gamau d tusuk¬≤ idungnyaüò≠",positif
"Semoga gua bisa d GeNose, gua gamau d rapidüò•",positif
@KAI121 min kok saya tes genose hasilnya belum tersedia terus ya di scan barcode? Tes jam 6 sore hari ini. Tolong min,negatif
@Mend0an_ Ngantok aku bang.. besok pagi mo tes genose di RS ü•±üò¥,negatif
"Pagi tadi sudah siap packing siangnya mau GeNose dan malam ini bgt harusnya berangkat, eh sore jadinya reschedule karena suatu hal yg sangat tahu bulat",positif
"@maemyme Baik, hasil pemeriksaan GeNose C19 akan keluar pada hari yang sama, dapat menunggu ¬±15-30 menit setelah pengambilan sampel. Trims.",negatif
"berapa milyar sudah kantor kami keluarkan untuk tangani covid, tidak hanya penyembuhan tapi juga pencegahan. Masker, sanitizer, sekat kaca di tempat rapat, alokasi untuk internet wfh, vitamin2, tambahan nutrisi, air purifier, alat test tmsk GeNose.

Mereka cuma bermodal cuplikan",positif
@JumhanaTintin Iyaa antigen 5x genose baru kemarin,positif
"@zalmut Calon penumpang dapat melakukan pemeriksaan dengan memperhitungkan waktunya, sehingga pada saat keberangkatan masa berlaku hasil GeNose C19 test tidak lebih dari 1x24 jam sejak pengambilan sampel. |2",positif
"@zalmut Pendaftaran pemeriksaan GeNose C19 tetap bisa dilakukan secara langsung di stasiun. Layanan GeNose C19 di Stasiun Pasar Senen mulai pukul 07.00-19.00 WIB. Antrean mulai pukul 06.00 WIB/kondisional, dengan tarif 30 ribu. |1",positif
@KAI121 Persyaratannya hanya punya tiket jarak jauh yg sdh lunas aja brrti ya min? Utk genose gaperlu tidak makan/minum sebelum pemeriksaan misalnya,positif
"@yoibay sehingga pada saat keberangkatan masa berlaku hasil GeNose C19 test tidak lebih dari 1x24 jam sejak pengambilan sampel. Guna antisipasi padatnya antrean, Railmin imbau agar menyesuaikan waktu pemeriksaannya. Jika berencana melakukan pemeriksaan tanggal 17 Mei 2021. |2",positif
"@yoibay Selamat malam. Saat ini layanan GeNose C19 di Stasiun Pasar Senen tersedia mulai pukul 07.00-19.00 WIB. Antrean mulai pukul 06.00 WIB/kondisional. Calon penumpang dapat melakukan pemeriksaan dengan memperhitungkan waktunya, |1",positif
"@mxindie Untuk Test GeNose C19 pada pelabuhan Merak sudah tersedia dan silakan berkordinasi kepada petugas dilapangan untuk mendapat arahan, Namun kami sarankan kamu sudah membawa Surat Keterangan Bebas Covid-19 (RT-PCR/ Rapid .. https://t.co/GKk9SYPHNV",positif
"@oceangazing Halo kak. Benar dapat menggunakan rapid test antigen dan pengisian eHAC utk syarat penerbangannya, &amp; tdk perlu dilengkapi dgn genose test. Namun mohon dipastikan agar hasil rapid test antigen nya masih berlaku ya. Tks. -Owi",positif
@zalmut Selamat malam. Silakan dapat dilakukan pemeriksaan GeNose test pada setiap stasiun yang melayani. Tentunya dengan menyesuaikan waktu keberangkatannya ya. Rencana ingin melakukan pemeriksaan di stasiun mana?,positif
@KAI121 min tgl 17 mei apakah tes genose di st. Pasar senen buka?,positif
"@maemyme Bisa kak, selama memiliki tiket perjalanan KA Jarak Jauh dengan status lunas. Layanan GeNose di Stasiun Bandung buka mulai pukul 07.00 - 19.00 WIB (Antrean Kondisional). Letaknya di parkir Utara Stasiun Bandung. Trims.",positif
"@lintangdesii Selamat malam Kak. Saat ini masa berlaku hasil negatif GeNose C19/PCR dan Rapid antigen adalah 1x24 jam setelah pengambilan sample. Selengkapnya, silakan cek link berikut: https://t.co/UtXsB9pZMD. Trims.",positif
"@jaeminourz Baik, layanan GeNose C19 di Stasiun Pasar Senen beroperasi pukul 07.00-19.00 WIB (antrean mulai 06.00 WIB/kondisional) dengan tarif Rp. 30.000. Penumpang diimbau menyisihkan waktu yang cukup saat tes GeNose C19 untuk menghindari tertinggal KA bila ada antrean panjang. Trims.",positif
Halo @KAI121 saya sudah pesen kereta antar kota tapi lupa memilih tes GeNose. Apa bisa daftar di tempat untuk GeNose sebelum keberangkatan?,positif
@KAI121 permisi mau tanya genose berlalu berapa hari ya sekarang??,positif
"@KAI121 Keberangkatan di st kiaracondong tgl 18 mei min, apa bisa tes genose nya di st bandung? Apa harus di st keberangkatan?",positif
"@viafitria Untuk Rapid Test/Swab/GeNose/PCR saat ini tidak menjadi syarat wajib menggunakan KRL. Untuk tetap menjaga kesehatan bersama, kami mewajibkan protokol kesehatan menggunakan masker, mematuhi marka di stasiun dan KRL, mencuci tangan dan menjaga jarak, tks.",positif
"@maemyme maka silakan bisa langsung melakukan pemeriksaan GeNose C19 di stasiun yang melayani ya. Guna Railmin infokan jam operasionalnya, rencana pemeriksaan di stasiun mana? |2",positif
Puluhan mahasiswa yang menggelar aksi demo Hari Buruh di Palembang sempat menolak permintaan petugas untuk tes GeNose. #publisherstory https://t.co/ApcMLWoZ0b,negatif
"@maemyme Mohon maaf, sementara ini layanan pemesanan pemeriksaan GeNose C19 di aplikasi KAI Access, baru dapat digunakan bagi penumpang yang berangkat dari Gambir atau Pasar Senen. Jika sudah memiliki tiket KA jarak jauh berstatus lunas, |1",positif
"@maemyme Pemeriksaan GeNose C-19 terintegrasi dengan KAI Access, saat ini hanya tersedia dan dapat dilayani di Stasiun Gambir &amp; Stasiun Pasar Senen. Guna Railmin informasikan jam operasionalnya, rencana akan datang ke stasiun mana?",positif
"@pevlitaa Selamat malam. Tersedia layanan Test GeNose C19 di Stasiun Purwokerto pukul 08.00-16.00 WIB (Jumat-Minggu s.d 17.00 WIB, antrean kondisional) dengan tarif Rp. 30.000. Posisinya berada di pintu keluar barat stasiun. Trims.",positif
"Ribuan penumpang kereta api memadati Stasiun Senen untuk pulang ke kampung halaman menjelang larangan mudik Lebaran yang akan diterapkan pemerintah guna menekan penyebaran COVID-19.

https://t.co/csrn6jv5J5

#vivacoid #genose #mudik #kertaapi https://t.co/7LRytz0Go1",positif
"@jaeminourz Untuk dapat menggunakan perjalanan KA, silakan dapat melakukan pemeriksaan GeNose C19. Rencana tes GeNose di stasiun mana?",positif
@Lalaysf Test genose tidak dapat dilakukan di klinik. Silakan untuk test Antigen/PCR ya Kak. Trims.,positif
"@KAI121 Min mau tanya lagi, ketika pilih utk book genose ada keterangan kaya gini. Apa brrti udh gabisa lg utk book? https://t.co/MEHvPihUgn",positif
"@Lalaysf Railmin sarankan pemeriksaan GeNose dilakukan pada pagi hari, upaya mencegah terjadinya antrean yang bersifat kondisional dan kerumunan massal. Trims.",positif
"@lirikanmeong iya tanggal 9-13 lalu, aku pake antigen sih, sebenernya bisa opsi genose juga langsung di bandara",positif
"@Lalaysf Selamat malam. Mohon maaf terkait hal tersebut, Railmin tidak dapat memastikan. Dikarenakan antrean genose di stasiun sifatnya kondisional. Trims.",positif
Mahasiswa di Palembang turut memperingati hari buruh atau Mayday namun sebelum menggelar mimbar bebas wajib melaksanakan tes GeNose 19 https://t.co/eGRtOgX1wo,negatif
"@KAI121 saya sudah pesan tiket utk keberangkatan tgl 2 mei tapi saya tidak pesan utk layanan Genose C19, dan saya tdk punya surat hasil tes, gimana solusinya min?",positif
@jaeminourz sehingga pada saat keberangkatan masa berlaku hasil uji test GeNose C19 tidak lebih dari 1x24 jam sejak pengambilan sampel. Rencana akan melakukan pemeriksaan di stasiun mana? |2,positif
"@jaeminourz Selamat malam. Pastikan lakukan uji test GeNose C19 saat setelah memasuki kurun waktu 1x24 jam sebelum jadwal keberangkatan. Calon penumpang dapat melakukan pemeriksaan dengan memperhitungkan waktunya, |1",positif
Baru hari ini juga liat syarat aksi harus tes GeNose ditempat https://t.co/fBGYzooG6v https://t.co/uSs6RIQn0w,positif
Di Soetta ada tes Genose ga si gais?,positif
@aintcell @KAI121 Gimana kak? Ramai gak antrian genose di gambir?,positif
"@rskuukzky Sans, @juaaaanncookk sama dedi udah genose negatif semua

Sisanya nolep",positif
"@Lalaysf Selamat malam. Layanan genose di Stasiun Gambir pukul 07.00 - 19.30 (Antrian mulai 06.00/ Kondisional). Jika test genose dilakukan di hari keberangkatan, mohon datang lebih awal, agar tidak tertinggal KA dan menghindari kepadatan antrean. Trims.",positif
"@KAI121 Mau nanya, apakah hari ini terjadi lonjakan genose/antigen di stasiun Gambir?",positif
@Lalaysf Selamat malam. Saat ini pemesanan GeNose C19 via aplikasi KAI Access hanya untuk keberangkatan Stasiun Gambir dan Pasar senen. Info lengkap silakan cek https://t.co/bcqgmxURSb. Trims.,positif
@KAI121 min besok rencananya mau naik kereta ke jawa timur kira2 untuk tes genose harus dtg berapa jam sebelum jam keberangkatan ya? saya berangkat jam 11.45,positif
"@agusmiftah Saat ini masa berlaku hasil uji test Rapid Antigen/GeNose C19 tidak lebih dari 1x24 jam sejak pengambilan sampel. Railmin infokan, hasil pemeriksaan GeNose test dari luar stasiun tidak dapat digunakan sebagai syarat menggunakan KA Jarak Jauh ya. Trims.",positif
"@atikryd Selamat malam dan mohon maaf. Guna pengecekan, mohon diinformasikan kode booking tiket dan capture kode QR Genose C19 via DM. Trims.",positif
"KORDINASI MULAI KONDUSIP. UUD LAH YAAAWWW HEHA HEHA HEHA...

Yehaaa boleh pulang kampung cuuuuuk. gak usah pake mobil yes. NgeBUS ae cuuk .cukup antigen / genose aja kelaaar sekelar kelaar nya. 
Cuan buat Dokter Epson dan kang sticker nich.

https://t.co/OWltBA67Nw",negatif
"Geh! Mau nanya, bandara untuk flight jakarta bisa pake genose aja kan gak usah antigen lagi? Makasi yg udah jawab",positif
@KAI121 cara pesen genose dari aplikasi KAI gimana sih?,positif
"@gemay21 sehingga pada saat keberangkatan masa berlaku hasil GeNose C19 test tidak lebih dari 1x24 jam sejak pengambilan sampel. Guna antisipasi padatnya antrean, Railmin imbau agar menyesuaikan waktu pemeriksaannya. Trims. |2",positif
"@gemay21 Selamat malam. Layanan GeNose C19 di Stasiun Gombong tersedia mulai pukul 08.00-17.00 WIB (antrean kondisional). Calon penumpang dapat melakukan pemeriksaan dengan memperhitungkan waktunya, |1",positif
Halo @KAI121 saya tes GeNose dari jam 13.40 sampai saat ini kenapa belum ada hasil di KAI Access ya? Terima kasih,positif
@KAI121 Klinik rapid/genose jadwalnya ga 1x24 jam ya min?,positif
"@Kalekalebum April ya berarti?
pake antigen apa genose?
iya ini sembari cari¬≤ info",positif
"@agusmiftah Selamat malam. Penumpang KA Jarak Jauh wajib melampirkan salah satu dari hasil negatif GeNose C19 test, RT-PCR atau Rapid Test Antigen. Info lengkap dapat dicek pada link berikut https://t.co/fIwPgH6WvI. Trims.",positif
"@KAI121 halo admin mau tanya untuk hasil genose belum keluar juga sudah lebih dari 5 jam, gimana solusinya?",negatif
Lah tes genose kaga keluar2 dah hasilnya,negatif
@bertanyarl Kamu sebelum tes genose itu gk makan dulu kan nder selama 30mnt? Katanya gk boleh makan minum selama 30mnt sebelum tes genose cmiiw si,positif
"Hallo min @KAI121 saya mau tanya, hari ini saya tes genose untuk keberangkatan besok pagi, tapi kok hasilnya blm keluar ya sampe sekarang?",negatif
@pratacum ngeri juga kemaren positif pake genose berarti ada kemungkinan punya masalah lain dong di paru paru,negatif
"@unnesmenfess taunya genose di tawang, kalo pagi ya pagi sekalian kalo siang ya siang sekalian jam 12 gt, jd ga antri",positif
Apaansi tes genose di Senen dari jam 2 ampe sekarang belom ada hasilnya,negatif
-ness ada yg pernah tes genose di poncol gak? Antrinya brpa lama ya?,positif
"@KAI121 halo admin mai tanya untuk hasil genose belum keluar juga sudah lebih dari 3 jam untuk keberangkatan pukul 22.00, gimana solusinya?",negatif
"Plin plan banget bikin kebijakan. Katanya ga bole mudik, tapi pemerintah bikin tes genose di terminal. Yg negatif tes genose boleh jalan. Lakh",negatif
"@nihilisrealis Selamat malam. Penumpang KA Dhoho/Penataran, tidak diwajibkan menunjukkan surat keterangan negatif genose/antigen. Info lengkap, silakan cek pada link https://t.co/wmO0W12vn3. Trims.",positif
"@CakBambangelf Mari dahar ngono iku,trus cek Genose,piye yo hasileüòÄüòÄ üôèüôè",positif
"@AldhiNdoy Untuk Test GeNose C19 dan Antigen pada pelabuhan Merak sudah tersedia dan silakan berkordinasi kepada petugas dilapangan untuk mendapat arahan, Namun kami sarankan kamu sudah membawa Surat Keterangan Bebas Covid-19 (.. https://t.co/D8w7abZIYz",positif
@bayusundara Dari dalam tubuh. Tapi dalam beberapa kasus senyawa organik itu tidak hanya si virus aja yng bisa produksi. Beberpa penyakit pun yang berhubungan dengan paru2 itu bisa ada si senyawa organik itu. Memang dari targetnya antigen atau PCR dan GeNose berbedaa huhu,positif
@bayusundara Oalah. Klaim akuratnya memang 97%. Dasarnya pemeriksaan antigen dan pcr itu targetnya Gen dari si virus kata lain proteinnya si virus. Makanya lebih spesifik. Kalo GeNose targetnya hanya senyawa organik yang biasa di produksi si virus dan bisnya di hembuskan bersama CO2-,positif
Halo min @KAI121 utk perjalanan menggunakan kereta lokal Dhoho/Penataran utk besok apakah menggunakan tes Rapid/GeNose? Terimakasih,positif
"@asdp191 halo ASDP. apakah di pelabuhan merak, Banten, ada fasilitas genose atau rapid?",positif
@iwaanridwaan Halo kak. Dapat kami informasikan untuk bandar Soekarno-Hatta belum tersedia layanan GeNose. Silakan memantau sosial media kami terkait update informasi. Tks. -Diki,positif
"@sygfess Kalo genose OK lah masih
Kalo antigen pembodohan publik",positif
"@contactap2 Min, utk bandara soeta apa udah bisa genose?",negatif
ALAT screening diagnostik COVID-19 berbasis embusan napas GeNose C19 diyakini dapat mendeteksi infeksi akibat varian baru. Alat ini mendeteksi hasil metabolisme tubuh. https://t.co/xa9fVVgHtG,positif
"@KAI121 hallo admin gimna niech hasil tes genose ga muncul muncul 
dm pun tak dibales",negatif
"@kalicibaduyut Selamat malam dan mohon maaf. Guna pengecekan, mohon diinformasikan kode booking tiket dan capture kode QR Genose C19 via DM. Trims.",positif
@alfiyyann Selamat malam. Untuk biaya Rapid test Antigen di stasiun sebesar Rp. 85.000 dan GeNose C-19 Rp.30.000. Terima kasih.,positif
@zetpeee Selamat malam. Hingga saat ini layanan GeNose C19 di Stasiun Yogyakarta Tugu beroperasi setiap hari pukul 07.00 - 19.00 WIB (Antrean Kondisional). Lokasinya berada di ruang tunggu stasiun sebelah selatan. Tarifnya sebesar 30 ribu. |1,positif
"@KAI121 mohon info, saya td jam 12 siang, telah tes genose di pasar senen, lalu setelah selesai disuruh untuk ditinggal dan info nya nanti akan muncul di kai akses untuk hasil nya. Namun sampai saat ini belum ada info dr aplikasi kai akses maupun web dari scan barcode, mohon info",positif
"Dear @KAI121, layanan tes Genose di Stasiun Tugu tanggal 21 Mei dibuka pukul berapa ya?
Terima kasih",positif
"So, jangan lupa tes covid-19 untuk yang mau bepergian ke luar kota, baik itu liburan atau mudik. Yuk, sama2 jaga keselamatan diri kita dan orang - orang sekitar! 

#genose #covid19 #genosesardjito #yogyakarta #mudik #liburan",positif
"@KAI121 Malam min, untuk biaya test genose dan rapid di stasiun Sidoarjo berapa ya? Terimakasih",positif
"@febrianreza26 Mohon datang ke stasiun tidak mendekati waktu berakhirnya layanan GeNose C19, sebagai antisipasi padatnya antrean. Trims.|2",positif
@febrianreza26 Selamat malam. Antrean test genose di stasiun bersifat kondisional. Sehingga dapat dihentikan/ditutup sewaktu-waktu sebelum jam operasional berakhir jika terjadi lonjakan calon penumpang yang akan melakukan tes GeNose. |1,positif
"Selesai melakukan pembayaran, kita harus kembali ke gedung awal dimana kita melakukan pendaftaran dan tes nya. Di sana nanti akan diberikan amplop berisi hasil tes Genose yg sudah ada nama kita di depannya, seperti gambar dibawah! https://t.co/vbwzSH8ISu",positif
"@rizqgeo Selamat malam Kak. Bisa, layanan GeNose C19 di Stasiun Sidoarjo buka pukul 07.00 - 16.00 WIB (antrean kondisional). Lokasinya area halaman stasiun. Silakan melakukan tes dalam kurun waktu 1x24 jam sebelum keberangkatan. Trims.",positif
"@rismaadista Dan h+7 pasca peniadaan mudik tanggal 18-24 Mei 2021 wajib menunjukkan surat keterangan hasil negatif RT-PCR, Rapid Test Antigen, atau GeNose C-19 yang sampelnya diambil dalam kurun waktu maksimal 1x24 jam sebelum keberangkatan. |2",positif
"Pendemonstrasi Sempat Tolak Tes GeNose, Aksi ‚ÄòMay Day‚Äô di Palembang Nyaris¬†Rusuh https://t.co/LdYEtUIBFf",negatif
"Oh iya, berdasarkan informasi yang sata dapat pelayanan Genose ini dilaksanakan hanya setiap Senin, Rabu, dan Jumat, dan saya datang hari Jumat pagi. Oke, kembali ke prosedur lanjutannya!",positif
"@sukusikukaku Selamat malam. Penumpang KA Kaligung/Kamandaka tidak wajib rapid test antigen/PCR/GeNose Test. Namun tetap wajib memakai masker (kain 3 lapis/medis), dalam kondisi sehat tidak menderita flu, pilek, batuk, hilang daya penciuman, diare dan demam. |1",positif
@KAI121 ada kouta test genose di st. nganjuk ga?,positif
"@y_yunant Calon penumpang dapat melakukan pemeriksaan dengan memperhitungkan waktunya, sehingga pada saat keberangkatan masa berlaku hasil GeNose C19 test tidak lebih dari 1x24 jam sejak pengambilan sampel. |2",positif
"@y_yunant Selamat malam. Tersedia layanan GeNose C19 di Stasiun Semarang Tawang, operasional mulai pukul 07.00-19.00 WIB (antrean kondisional). Tersedia juga di Stasiun Semarang Poncol mulai pukul 08.00-16.00 WIB (antrean kondisional). |1",positif
"Para peneliti dan pengembang GeNose menyakini alat buatan anak negeri ini mampu mendeteksi berbagai varian baru virus Corona. Ini dikarenakan alat mampu membaca hasil metabolisme virus sehingga diyakini dapat mengetahui varian terbarunya.

#genose #tesgenosec19 #korona #pandemic https://t.co/jqy0cvIIpE",positif
"Alat Tiup GeNose C-19 dan Rapid Antigen di Bandara Ngurah Rai Bali Dipastikan Masih Baru dan Tersegel
 
https://t.co/6RpCHMVBOx lewat @tribunnews",positif
"Dilansir dari tim Cek Fakta Kompas(.)com, Genose Tes sebagai pendeteksi Covid-19 ini memiliki akurasi yg cukup tinggi yakni 95%. Jadi rekan - rekan bisa cukup yakin dengan hasil yang muncul nantinya. Selain itu apabila hasilnya positif maka harus melakukan tes lanjutan yakni PCR.",positif
"A THREAD
""TES GENOSE DI RS. SARDJITO"" 

Mungkin hal sepele tp cukup berguna di Era pandemi begini. Apalagi utk yg merantau &amp; butuh refreshing ke luar kota. Sedikit berbagi pengalaman ttg Genose Tes supaya teman2 lebih prepare saat mau melakukan tes

#genose #jogja #genosessrdjito",positif
@KAI121 Min @KAI121 untuk perjalanan tanggal 3 mei 2021 dari stasiun batang/pekalongan ke semrang poncol dengan kereta kaligung / kamandaka apakah perlu tes genose/ rapid test antigent sebagai syarat keberangkatan??,positif
"Permisi min @KAI121 .
Sy berencana naik kereta Maharani dr Surabaya Pasarturi-Semarang Tawang keberangkatan jam 06.00 pagi.
Krn terlalu pagi dan operasional Tes Genose belum buka, apakah boleh sy melakukan tes Genose di Stasiun Sidoarjo Kota, sehari sebelumnya..?",positif
@KAI121 halo admin hasil tes genose saya kenapa gak keluar keluar setiap cek hasil tidak tersedia terud,negatif
spya jauh dr keparnoan makanya saat swab gw milih d rs dan d swab sama dokter.dan seinget gw dia buka alat swabnya ddpn gw sblm dipke.Mmg sedikit lbh mahal dr d tempat umum cm lbh merasa aman.apalgi genose..ngebayangin gw 1 alat transportasi umum yg org2nya mengandalkan genoseü§î,negatif
@KAI121 Min stasiun semarang tawang / poncol ada genose juga ?,positif
Hasil GeNose dapat diketahui untuk per orang 10 sampai 15 menit. https://t.co/Cruj5UwuqN,positif
"Layanan Tes Covid-19 GeNose di Stasiun Bekasi Ramai Diserbu Calon Pemudik
 
https://t.co/f95teHW8Yl lewat @tribunnews",positif
"@ghost_yousee ndak bisa, hanya genose dan buat penumpang bertiket jarak jauh saja",positif
"@Aboolinggo min tes genose di stasiun probolinggo tutup jam berapa ya? soalnya senin saya dari pasuruan mau tes di probolinggo, buat berangkat hari selasa dari stasiun pasuruanüôèüèª",positif
"@ismizidantaft Selamat malam. Pemeriksaan GeNose C-19 terintegrasi dengan KAI Access, saat ini hanya tersedia dan dapat dilayani di Stasiun Gambir &amp; Stasiun Pasar Senen. Guna Railmin informasikan jam operasionalnya, rencana akan datang ke stasiun mana?",positif
dan aku adalah golongan swab antigen &gt; genose,positif
"@KAI121  min aku udah pesen tiket maharani pasar turi - tawang, tapi pas order genose kok penuh yaaa? solusinya? :/",negatif
@khora___ Selamat malam. Hasil GeNose C19 saat ini diperkenankan hanya dari stasiun dengan masa berlaku 1x24 jam dari pengambilan sampel. Trims.,positif
masa genose ku positif tapi antigenku negatif :( https://t.co/aHemBI7m5E,negatif
@istisoemardi Layanan GeNose C19 di stasiun dikenakan tarif 30 ribu. Trims.,positif
nglegani teman bodoh yg gagal utbk grgr genose habis dimana mana:)) https://t.co/LgP8FrKTJN,negatif
genose sama antigen akuratan mana sih?,positif
@istisoemardi Selamat malam. Layanan GeNose C19 di Stasiun Klaten buka pukul 07.00 - 18.00 WIB (antrean kondisional). Silakan datang ke stasiun lebih awal untuk mengantisipasi kepadatan antrean layanan GeNose C19. Trims.,positif
"@wiwitferiw @mayadamay94 Yg 22 April s/d 5 Mei gak ada syarat SIKM/surat, tp syarat tes PCR/antigen maks. H-1, kalo genose wajib hari-H keberangkatan gays..",positif
@egaricis kak sekarang genose dulu ya kalo mau nyebrang ke bakau? sorry nanya,positif
@tomatkentanggg Selamat malam. Layanan GeNose C19 di Stasiun Yogyakarta buka setiap hari pukul 07.00 - 19.00 WIB (antrean kondisional). Trims.,positif
Tak kiro genose e jam 4 tutup cuk. Bati budal ket awan https://t.co/GtY9NfFrA4,negatif
@BatikAirINA mau tanya untuk syarat penerbangan tgl 19 mei pakai surat rapid antigen/pcr/genose aja kan ?,positif
"@KAI121 malam admin, mau tanya untuk tes genose di stasiun Tugu Yogyakarta untuk hari Minggu apakah buka? Jika iya sampai jam berapa ya?",positif
@KAI121 Untuk hasil genose diluar stasiun boleh gak min?,positif
Dr siang baru selesai barusan gara gara td genose hasilnya positif terus degdegan bgt akhirnya pindah rumah sakit pake swab antibodi alhamdulillah negatif üò≠üò≠,negatif
"Buka disini
Test buat besok..

Krn berlaku Genose hanya 1x24 jam. Jd mepet2 waktu berbuka test nya.

Loc: RS JIH https://t.co/5x8wXv9iWq",positif
"Nyobain GeNose di Bethesda Yogya, katanya cepat ternyata lebih lama daripada GeNose di stasiun Yogya.",positif
Halo admin @KAI121 boleh cek DM untuk mengenai tes genose,positif
"@Askrlfess Gua genose 2 kali positif nder bulan lalu. Habis itu swab 2x, 1 di rs 1 di puskesmas. Hasinya negatif semua. Dah swab aja langsung mending",negatif
"REKTOR Universitas Gadjah Mada (UGM) Prof Panut Mulyono, hingga bulan April 2021 ini pihaknya telah memproduksi sebanyak 3.000 unit GeNose C19.  https://t.co/EVB07piAR1",positif
@bambangkuswadi @galangbede hasil negatif tes genose C-19 di stasiun kereta api yang sampelnya diambil dalam kurun waktu maksimal 1x24 jam sebelum keberangkatan. Trims.|3,positif
"@KAI121 Sore admin.... 
Mw tanya untuk perjalanan jauh pake antigen saja apa bs ?? Tidk pake geNose ?? 
Soalnya jarak rumah ke station jauh ... jd ndk sempet untuk test geNose 
Tp pake antigen",positif
"@adillawk1 Baik, Stasiun Kebumen melayani tes genose C19 pukul 08.00 - 17.00 WIB (antrean kondisional) dengan tarif Rp. 30.000. Penumpang diimbau menyisihkan waktu yang cukup saat tes GeNose C19 untuk menghindari tertinggal KA bila ada antrean panjang. Trims.",positif
@ceyownsme Selamat sore. Bila melakukan perjalanan dengan KA #Kaligung saat ini tidak diwajibkan memiliki Rapid test Antigen/RT-PCR/GeNose C19 ya. Trims.,positif
@bluberrrries @Askrlfess ge nose alias genoseüò≠ sendernya adada aja,negatif
"@arifarif_ Railmin infokan masa berlaku GeNose C19 saat ini 1x24 jam dari pengambilan sampelnya. Mohon menyisihkan waktu yang cukup untuk melakukan pemeriksaan GeNose C19 di stasiun, guna mengantisipasi padatnya antrean dan tertinggal KA. Trims.",positif
"Bandara Internasional Minangkabau BIM siap berlakukan test genose tanggal 3 Mei 2021. Sementara itu, 27 siswa MTSN Padang Panjang positif covid 19

Saksikan informasi selengkapnya  dalam Sumatera Barat Hari Ini pukul 16.00 WIB hanya di TVRI

#MediaPemersatuBangsa https://t.co/ywIVHqP9uf",positif
"@adillawk1 Selamat sore Kak, mohon informasikan berencana akan melakukan GeNose Test di stasiun mana?",positif
"Antisipasi Penyebaran Covid-19, Calon Penumpang di Terminal Baranangsiang Dites GeNose - https://t.co/6Dwkx4EE4N",positif
@KAI121 untuk kereta kaligung pemalang-semarang harus test genose/ tdk ya?,positif
"@arifarif_ Selamat sore, layanan GeNose Test di Stasiun Yogyakarta Tugu, mulai pukul 07.00-19.00 WIB (antrean kondisional). Beroperasi setiap hari Senin-Minggu, termasuk Libur Nasional. Trims.",positif
"Min @KAI121 kalo tes genose di stasiun, bebas jamnya atau ada batasnya?",positif
@Bramant69966160 Tarif layanan tersebut sebesar 30 ribu/calon penumpang. Persyaratannya yaitu calon penumpang harus memiliki kode booking tiket KA Jarak Jauh dengan status terbayarkan. Silakan melakukan pemeriksaan GeNose C19 dalam kurun waktu maksimal 1x24 jam sebelum keberangkatan. |2,positif
"@Bramant69966160 Jika yang dimaksud ingin melakukan pemeriksaan GeNose C19 di Stasiun Jember, jam operasionalnya pukul 06.00-15.00 WIB. Antrean bersifat kondisional. Penumpang tidak diperkenankan merokok, makan dan minum (kecuali air putih) 30 menit sebelum pemeriksaan sampel napas. |1",positif
Genose ternyata dari mulut gengs ngga dari hidung :)),positif
"@pengrajin_emas Selamat sore Kak. Bagi penumpang KA Jarak Jauh yang sudah mendapatkan vaksin, wajib menunjukan surat keterangan negatif GeNose C19/PCR atau Rapid antigen yang masih berlaku saat keberangkatan ya. Trims.",positif
"@KAI121 Dari stasiun jember min, untuk tes genose apa harus dilakukan di Hari H keberangkatan atai bisa di hari sebelumnya ya ? Dam jam operasional layanan tes genose dari jam berapa sampai jam berapa ya ?",positif
semoga genose nya blm tutup dan hasilnya negatif ü•∫üëâüèªüëàüèª https://t.co/LtDTTTCvi8,positif
"Kepala Terminal Baranangsiang Moses Lieba Ary mengatakan, layanan tes GeNose Covid-19 tersebut dilakukan untuk mengantisipasi lonjakan penumpang bus. https://t.co/HJ5sZSZ9O0",positif
"@watchme998 Selamat sore. Mohon maaf atas ketidaknyamanannya. Guna Railmin bantu pengecekan, dapat diinformasikan foto barcode pemeriksaan GeNose C-19 dan kode booking tiket melalui DM ya Kak. Trims.",positif
ada yang tau cara tes genose di solo ?,positif
"@51527B Idak masak, ayuk nak test Genose, besok nak ke Jkt",positif
@Dithaaudriaa Selamat sore. Layanan GeNose test di Stasiun Surabaya Gubeng beroperasi mulai pukul 07:00-18:00 WIB (antrean kondisional). Tks.,positif
"@spongebobptrick Selamat sore. Calon penumpang KA #Joglosemarkerto saat ini tidak diwajibkan menunjukkan hasil negatif GeNose C19/rapid test antigen/RT-PCR. Informasi lengkap syarat dan ketentuan, silakan bisa cek link berikut: https://t.co/lA1igxEdfp. Trims.",positif
"Mendadak Satgas Covid-19 Lakukan Screening GeNose Pengunjung Warkop Di Kuala Dua, Ini Hasilya https://t.co/aAQg057ibp",positif
Terminal Baranangsiang Bogor Mulai Terapkan Tes GeNose Hari Ini https://t.co/1sbhgLnzus https://t.co/v1fKitDEVx,positif
"Jelang masa pelarangan mudik Stasiun Pasar Senen, dipadati calon pemudik. Masyarakat mengantre untuk melakukan tes GeNose dan Rapid Test Antigen. Terminal II Soekarno Hatta, Banten, mulai dipadati penumpang sejak Jumat (30/4/2021) kemarin. Klik https://t.co/H1UCZUiETK
#NewsOne https://t.co/XiyYgQ7PHB",positif
"@Bramant69966160 Selamat sore. Layanan GeNose test yang terintegrasi dengan aplikasi KAI Access hanya tersedia di Stasiun Pasar Senen dan Gambir. Alternatif, silakan dapat lakukan langsung di stasiun yang melayani. Mohon informasikan rencana ingin lakukan GeNose di stasiun mana?",positif
@KAI121 halo min... Hasil tes genose belum ada sampai jam segini. Saya test di st. Senen siang tadi jam 12. Kereta malam ini jam 21.10 dari Senen ke Jogja. Gimana min?,negatif
"@LestaryYati @KAI121 Hai ka, kakak untuk tes genose ke sana, daftar langsung tes disana, atau daftar dulu sebelumnya?",positif
"@Fitriarema Baik, layanan GeNose Test di Stasiun Pasar Senen, mulai pukul 07.00-19.00 WIB (nomor antrean pukul 06.00 WIB/kondisional). Penumpang diimbau menyisihkan waktu yang cukup saat tes GeNose C19 untuk menghindari tertinggal KA bila ada antrean panjang. Trims.",positif
"@KAI121 Hai min, Saya baru saja ingin membeli tiket, tapi pas mau pesan tes genose, ada keterangan kuota genose habis. Kalo saya tes genose langsung hari H perjalanan apa kah bisa min? Stasiun Gubeng surabaya.",positif
"@angkasapura172 @wlsonhuang Apakah aturan itu maksudnya penerbangan pp di hari yang sama harus dua kali Genose juga, yaitu di bandara waktu keberangkatan dan di bandara waktu balik? Masih di hari yang sama lho min, bahkan kurang dari 24 jam.",negatif
"@nurulcellesta Selamat sore, layanan Rapid Test Antigen dan GeNose Test di Stasiun Pasar Senen, mulai pukul 07.00-19.00 WIB (nomor antrean pukul 06.00 WIB/kondisional). Trims.",positif
@null Terminal Baranangsiang Bogor Mulai Terapkan Tes GeNose Hari Ini Dalam pelaksanaa  https://t.co/LPJfIkiWT4,positif
"@Hamtaro0o0o0 Selamat sore. Penumpang KA #Tumapel, #Penataran, #PenataranDhoho atau #DhohoPenataran tidak diwajibkan membawa surat keterangan GeNose. Syaratnya, silakan cek link berikut: https://t.co/LYSEeo7TZj. Trims.",positif
@Rockgar12 @nosa_her @ewinwinarti @angkasapura172 @kurawa GeNose ke dua bayar sendiri lagi kah?,positif
"Bandara SIM Pastikan Layanan Tes Rapid Antigen dan GeNose Buk...
https://t.co/O2zOFsdxfO",positif
"@lirikanmeong terakhir flight 2 minggu lalu, kedepannya mesti sering2 cek aja karena selalu berubah persyaratannya, sekarang pun udah bisa genose di bandara sebelum flight",positif
@Fitriarema Selamat sore. Guna Railmin infokan rencana melakukan test Genose di stasiun mana?,positif
Sandwich generation itu pengeluarannya terpaksa besar karena banyak kepala yg harus dikasi makan. Jadinya susah nabung juga. Makanya saya termasuk yg meragukan metrik ini. Atau ini hny salah satu model sosial yg kebanyakan asumsi macam genose üòÑ https://t.co/CeNRxh1LT3,negatif
Terminal Baranangsiang Bogor Mulai Terapkan Tes GeNose Hari Ini    #LengkapCepatBeritanya #BeritaTerkini #BeritaTerkini #NewsUpdate . https://t.co/6a0mtvBs8k,positif
"@angkasapura172 @Rockgar12 @nosa_her @kurawa Tolong perbaiki tulisan di flyer "" 4 jam sebelum keberangkatan"". Itu maksudnya gak jelas. Harfiahnya, yg 3 jam 59 menit dan yang 4 jam 1 menit sebelum keberangkatan gak bisa GeNose di Bandara. Apa ya begitu? Silakan refresh pelajaran Bahasa Indonesia terlebih dahulu.",negatif
"#Bandara Tambolaka, Sumba Barat Daya Berlakukan Genose, Tes Cepat Virus Corona - https://t.co/EuWU4LzeAU #Corona #Korona",positif
@AndaraSuyatno Silakan melakukan pemeriksaan GeNose C19 setelah memasuki waktu 1x24 jam dari keberangkatan KA dengan tetap menyesuaikan jam layanan di stasiun ya Kak. Trims.,positif
"@Rockgar12 @nosa_her @kurawa Saya mengalami hal ini pada tgl 26 April 2021. Saya ""memaksakan diri' utk ikut GeNose, dan bisa kelar jauh sebelum flight. Tulisan 4 jam sebelum keberangkatan pada flyer yg dijadikan pedoman petugas interpretasinya membingungkan dan sempat membuat saya bersitegang dgn petugas.",negatif
"@An_Des09 @Rika_Nikmah @KAI121 Antrian tes genose brp jam mas, kl tes pas hari H keberangkatan cukup waktu ndak?",positif
"Udah lah pak, genjot produk dalam negeri aja. Genjot Genose buat alat test, biar duit nya muter di dlm negeri ga di buang ke luar https://t.co/4NXBPzedtD",positif
Tadi aku jadi kelinci percobaan genose,negatif
"@galangbede Selamat sore. Mohon maaf Kak, surat keterangan hasil GeNose C19 yang bisa digunakan sebagai syarat perjalanan KA Jarak Jauh hanya dikeluarkan oleh stasiun ya. Trims.",positif
"@An_Des09 @Rika_Nikmah @KAI121 Antri tes genose berapa jam kak, kl tes genose pas hari H cukup waktu ndak?",positif
"@KAI121 Min kalalu naik kereta penataran hari dari porong ke malang apa wajib tes genose ? Terimakasih,",positif
Terminal Bus Baranangsiang Bogor Layani Tes GeNose Gratis https://t.co/6OcZTBy9TK,positif
PT Angkasa Pura II Cabang Bandara Internasional Minangkabau (BIM) akan menerapkan tes COVID-19 dengan cara hembusan nafas atau GeNose C19 terhitung mulai 3 Mei 2021 mendatang. #publisherstory https://t.co/k6T8ZzBUyA,positif
"@corneliushanung Jika yang dimaksud layanan GeNose C19 di stasiun, beroperasi setiap hari ya Kak. Trims.",positif
Halo min @KAI121 utk tes genose apakah harus dilakukan di stasiun? Kalau misalkan menggunakan genose di tempat lain apakah bisa? Thanks,positif
"@miniechu Railmin infokan, pelayanan Test GeNose C-19 di Stasiun Yogyakarta beroperasi mulai pukul 07.00-19.00 WIB (antrean kondisional), berada di ruang tunggu stasiun sebelah Selatan. Trims.",positif
"@miniechu Selamat sore. Bisa, Kakak dapat lakukan pemeriksaan GeNose C19 mulai H-1 sebelum tanggal keberangkatan, setelah pukul 11.00 WIB ya (waktu keberangkatan KA yang digunakan). Rencana ingin pemeriksaan GeNose C19 di stasiun mana?",positif
"@liputan6dotcom P Erick, jangan2 di tmpt lain juga ada ttp tidak keburu kebongkar. Sebaikx polisi menyamar sebagai calon penumpang transportasi yg memerlukan Swab Antigen atau GeNose agar bisa mengetahui bahwa di tempat lain juga terjadi. Srt Keterangan non reaktive tanpa test dg imbalan tertt",negatif
@heromorphosis Halo kak. Dapat kami informasikan untuk saat ini belum tersedia layanan GeNose di bandara Soekarno-Hatta. Silakan memantau sosial media kami secara berkala terkait update informasi. Tks. -Diki,positif
"@meilaaaani di Dinkes Kota Bandung tidak ada layanan GeNose Teh, hanya ada  layanan test antigen, pcr dan antibodi saja",negatif
@meilaaaani Selamat sore Kak. Layanan GeNose di stasiun khusus bagi penumpang yang telah memiliki kode booking/tiket KA Jarak Jauh dengan status lunas dan aktif ya. Trims.,positif
"@PRFMnews min barangkali ada yang tau, kalau dinkes kota Bandung bisa genose ga ya? Atau hanya bisa antigen saja? Terima kasih",positif
"@AngkasaPura_2 sore min, apakah di terminal 2 Soetta sudah ada layanan rapid test menggunakan Genose?",positif
"sandika abis genose
üë©üèª gimana kamu hasilnya
üë¶üèª alhamdullilah perempuan
üò≥üòöüåö",positif
"@KAI121 Hallo min, untuk genose di stasiun kota Bandung hanya diperuntukan untuk penumpang kereta atau boleh umum tes disana?",positif
"Tes Rapid Antigen dan GeNose di BIM, Pengelola: Alat Tes Harus Baru dan Tersegel https://t.co/mJlWzPC97U",positif
"@ariyantosheva Selamat sore Kak. Untuk saat ini penumpang KA #Joglosemarkerto tidak diwajibkan menunjukkan hasil negatif GeNose C19/rapid test antigen/RT-PCR. Informasi lengkap syarat dan ketentuan, silakan bisa cek link berikut: https://t.co/LYSEeo7TZj. Trims.",positif
@corneliushanung Untuk menghindari antrian serta kerumunan dihimbau untuk melakukan Genose C19 mulai dari 1x24 jam sebelum jadwal keberangkatan kereta menyesuaikan dengan masa berlaku skrining tes covid-19 yang berlaku saat ini. Trims. |2,positif
"@corneliushanung Selamat sore. Layanan pemeriksaan Genose C19 di Stasiun Surabaya Gubeng melayani mulai pukul 07.00 - 18.00 WIB (Antrean Kondisional), lokasi berada di Sebelah Rapid Antigen ( Dekat Indomaret). |1",positif
Tips Menyiasati GeNose https://t.co/KyrVtteB8Z,negatif
"Mulai 3 Mei 2021, Penumpang di Bandara Internasional Minangkabau Bisa Tes Covid Pakai GeNose C19
 
https://t.co/zowxNDupYQ via @tribunpadangcom",positif
@KAI121 Min kereta joglosemar kerto apa harus tes genose juga(slawi-kbm.... 2 /5/21) thanks infonya,positif
Asam lambung yang naik di saat bulan Ramadan dapat mempengaruhi hasil GeNose. Bagaimana cara menyiasatinya? #CNNIndonesia https://t.co/Yi4ITv7wha,positif
"Aman Ya, GeNose Dipastikan Bisa Deteksi Covid-19 Varian Baru

Baca selengkapnya di sini
https://t.co/Q4RlC27wYP

#Covid19 #pandemi #pandemic #GeNose #News",positif
#GeNose Mampu Deteksi Covid-19 Varian Baru? Ini Kata Peneliti - Jawa Tengah - https://t.co/SR1VMash4Z #Covid #Covid19 https://t.co/e7XTv7pkFh,positif
"""Bandara SIM Pastikan Antigen-GeNose Sesuai Prosedur"" https://t.co/782qzA0I98",positif
"@hallofanxiety syaratnya?
genose kan 1x24 jam
bener kalo antigen 2x24jam?",positif
"#infoWisata Kawasan Wisata Lagoi Layani Tes GeNose C19 Mulai 3 Mei, Berikut Tarifnya https://t.co/t1xLIzXIgT",positif
"@agusmufti Mohon menyisihkan waktu yang cukup untuk melakukan pemeriksaan GeNose C19 di stasiun, guna mengantisipasi padatnya antrean dan tertinggal KA. Trims.  |3",positif
"@agusmufti Calon penumpang dilarang makan, minum dan merokok (kecuali minum air putih) 30 menit sebelum pemeriksaan sampel napas. Masa berlaku GeNose C19 saat ini 1x24 jam dari pengambilan sampelnya. |2",positif
"@ngalamfess kl kmrn ke surabaya sih dimintain nder.
aku pake genose",positif
"@agusmufti Selamat siang. Pelayanan GeNose C19 di Stasiun Jombang buka pukul 07.00-16.00 WIB. Antreannya kondisional, tarifnya 30ribu dan syaratnya penumpang harus dalam kondisi sehat. Wajib telah memiliki tiket KA Jarak jauh yang sudah dibayar lunas. |1",positif
"@pwandaland Calon penumpang juga dapat melakukan tes H-1, selama masih dalam kurun waktu 1x24 jam sebelum keberangkatan. Apakah saat ini mengalami kendala layanan GeNose/rapid test antigen di stasiun Kak? |2",positif
"@pwandaland Selamat siang. Mohon maaf, terima kasih atas kritik dan saran yang disampaikan. Jam operasional pemeriksaan GeNose C19/rapid test antigen tentunya mempertimbangkan pelayanan keberangkatan KA di masing-masing stasiun. |1",positif
"@nunudalban Selamat siang Kak. Bila sudah memesan tes GeNose C19 via aplikasi #KAIAccess, dapat dicek pada menu "" Beranda"" dan ""Tes Covid 19"" ya. Trims.",positif
"Mulai 3 Mei 2021, layanan GeNose C19 akan hadir di Silangit Airport. https://t.co/OxmTMttq3Y",positif
"@aloidiaricha Selamat sore Kak. Layanan Genose C19 di St. Bandung beroperasi mulai pukul 07.00 - 19.00 WIB (Antrean Kondisional). Lokasinya di parkir Utara Stasiun Bandung. Silakan dapat melakukan pemeriksaan Genose C19 setelah memasuki waktu 1x24 jam sebelum KA berangkat, trims.",positif
"@dinda_put2 tes genose C-19 yang sampelnya diambil dalam kurun waktu maksimal 1x24 jam sebelum keberangkatan. Informasi lengkap persyaratannya, silakan dapat dicek melalui tautan berikut: https://t.co/CtAK2q4br1. Trims. |5",positif
"@KAI121 Siang min mau tanya, cara cek bahwa kita sudah bayar/ pesan pemeriksaan Genose di KAI Access bagaimana ya ? Thanks.",positif
@polbanfess Aku pulang ke bogor tgl 19 april kmrn diminta utk tes genose dulu,positif
"@denipriatama Selamat siang Kak. Penumpang KA Lokal, tidak wajib melampirkan Rapid test antigen/Swab PCR atau Genose C19. Informasi syarat dan ketentuannya, silakan cek link berikut: https://t.co/lA1igxEdfp. Trims.",positif
"@yummybaileys Mohon melakukan GeNose C19 di stasiun setelah memasuki waktu 1x24 jam dari keberangkatan KA, dengan tetap menyesuaikan jam operasional yang berlaku. Trims. |2",positif
@yummybaileys Selamat siang. Layanan GeNose 19 di Stasiun Bekasi melayani pukul 08.00 - 18.00 WIB (antrean kondisional). Posisinya berada di parkir Utara Stasiun Bekasi. |1,positif
"@sarahandinii Untuk penumpang KA Lokal, tidak wajib melampirkan Rapid test antigen/Swab PCR atau Genose C19. Informasi syarat dan ketentuannya, silakan cek link berikut: https://t.co/lA1igxEdfp. Trims. |2",positif
Siang @KAI121 kalau untuk Genose di Stasiun Bandung jam operationalnya jam berapa ya?,positif
"@sarahandinii Selamat siang. Penumpang KA #Jayabaya wajib menunjukan hasil tes negatif GeNose C19/PCR atau Rapid antigen yang masih berlaku. Selengkapnya, silakan cek link berikut: https://t.co/UtXsB9pZMD. |1",positif
@jogjamf Kalo genose sekarang massa nya berapa hari ya sebelum keberangkatan? Sebelum tgl 6,positif
@KAI121 untuk KA lokal pun apa juga wajib pcr/ swab/ genose ?,positif
"Menyusul Bandara YIA, Bandara Adisutjipto Kini Layani Pemeriksaan dengan GeNose https://t.co/DU6nmqQAIA",positif
Enam Stasiun KAI Divre III Hadirkan Tes Genose C-19 https://t.co/5wM2xaYb7O https://t.co/wbFrB8JJ8o,positif
@adorichardo Untuk menghindari antrean serta kerumunan dihimbau untuk melakukan Genose C19 mulai dari 1x24 jam sebelum jadwal keberangkatan kereta menyesuaikan dengan masa berlaku skrining tes covid-19 yang berlaku saat ini. Trims. |2,positif
"@adorichardo Selamat siang. Layanan pemeriksaan Genose C19 di Stasiun Bekasi melayani mulai pukul 08.00 - 18.00 WIB (Antrean Kondisional), lokasi berada di Parkir Utara. |1",positif
anjrit lah untung genose hari ini kalo besok udah modar pasti bakal ketinggalan kereta,negatif
"Manajemen Bandara Radin Inten II memastikan bahwa seluruh alat rapid test antigen dan GeNose yang digunakan di bandara tersebut bukan barang bekas pakai.
#prokes #genose #antigen #rapidtest #bandara #lampostco
https://t.co/ZdZXjhg4F8",positif
Work! Adakah disini warga probolinggo? Bolehkah aku dm mau tanya soal genose/rapid buat kerja? Makasih,positif
@KAI121 halo min untuk kereta lokal sby-malang atau jayabaya sby-malang apa jg harus pakai genose?,positif
"Pemeriksaaan PCR, Swab Antigen dan Antibodi, dan Genose di Bandara Hang Nadim, Klinik Baloi dan RS BP Batam Steril dan Aman https://t.co/vcuuwNHJD6

#netrakepri #batam #bandara #SalutPKK #viral #TikTokBonusID #kepri #Teknologi https://t.co/7Q6sjIhzh8",positif
"@KAI121 Selamat siang, saya test genose dari jam 11 hari ini, sampai sekarang belum keluar hasilnyam. saya via scan barcode",positif
"@zharfanhabib kaa, mau tanya. genose di stasiun malang, apa antri bangett yaa?",positif
"@sunm0ri Selamat siang. Hingga saat ini perjalanan dengan KA #TawangAlun, penumpang tidak wajib membawa hasil negatif tes GeNose C19/RT-PCR/Rapid Test Antigen. Informasi lengkapnya dapat dicek pada link berikut https://t.co/LYSEeo7TZj. Trims.",positif
"@ratitttt Selamat siang. Mohon maaf, saat ini belum tersedia layanan tes GeNose C19 di Stasiun Banyuwangi Kota. Alternatifnya, penumpang KA Jarak Jauh dapat melakukan pemeriksaan GeNose C19 di Stasiun Ketapang, |1",positif
@KAI121 minn genose stasiun bekasi dari jam brp sampe jam brp ya?,positif
Ke surabaya cuman pengen tes genose doanganüòÇ,positif
"@nvrss_ @slestaar Ga sampe 3 mnt kok, barusan aku genose. Harga 30k di stasiun",positif
"@KAI121 mau nanya,untuk layanan GeNose,apakah sudah tersedia di stasiun Bekasi?terima kasih",positif
"Bayar Rp40.000 Sekali Tes, Bandara Lombok Mulai Gunakan Tes GeNose C19 https://t.co/alINc7RySU",positif
"Drama genose, antigen, pcr apa lagi besok",negatif
"@Kiyovi Mohon maaf, silakan dapat menunggu hasil surat keterangan Genose C19 ya Kak. Layanan Genose C19 di St. Kiaracondong beroperasi mulai pukul 08.00 - 23.00 WIB (Antrean Kondisonal). Lokasinya di depan ruang Customer Service. Trims.",positif
@Santzjs Naik pesiwit gabisa pake genose kah ko,positif
"@ferdiony23 Baik kak, untuk penerbangan Jakarta ke Palembang bisa dgn hasil antigen/PCR masa berlaku 1x24 jam, dan penerbangan Palembang ke Jakarta bisa dgn hasil antigen masa berlaku 1x24 jam/PCR masa berlaku 1x24 jam/GeNose yg dilakukan di hari H penerbangan. Tks. -Airin",positif
@lirikanmeong Temen ku april ke bali cuma perlu GeNose test aja si kalo gasalah,positif
"Mau nangis aja td genose positip üò≠üò≠
Untung abis tes ulang negatip
Alatnya sensitif anjim",positif
"Selamat siang railmin @KAI121 . Mau tanya, di stasiun banyuwangi kota apakah menyediakan layanan genose?
Terimakasih",positif
"Harga dari 2 kereta tersebut belum termasuk biaya GeNose +Rp. 30.000 dengan masa berlaku 1x24 jam semenjak waktu tes. 

Nah, untuk jalur yang aku rekomendasikan adalah melalui jalur atas terlebih dahulu dengan transit di Semarang.",positif
"Pemeriksaan GENOSE C19 Kini Hadir di 55 Stasiun. 
#BangkitkanEkonomiNKRI https://t.co/axiuA0YAMJ",positif
"@pol_indihiang Bawa hasil tes PCR. Antigen. GeNose tdk berlaku ya min?
prokes super ketat juga tidak berlaku",positif
"@PRFMnews Min mau nanya, kan saya dari Banjar mau ke sumedang pake kereta. Nah saya mau ke bdg dulu, jadinya turun di stasiun bandung. Saya ada hasil tes GeNose yg berlaku 1x24 jam. Itu bisa dipake buat persyaratan masuk ke bdg dan ke sumedang ga ya?",positif
"Agak kurang sreg sama mbak-mbak yang scan hasil GeNose, masa notif hp saya dia baca hhh",negatif
"Habis kimia farma, mungkin masyarakat akan semakin pro genose bukan hanya karena cheap, covenient, dan gak percaya sains

Tapi lebih karena gak percaya sama current running mainstream system",positif
"@arief_rudiyanto Saat ini penumpang KA Joglosemarkerto tidak diwajibkan menunjukkan hasil negatif GeNose C19/rapid test antigen/RT-PCR. Informasi lengkap syarat dan ketentuan, silakan bisa cek link berikut: https://t.co/LYSEeo7TZj. Trims.",positif
@fawazsidiqi_ Untuk menghindari antrean serta kerumunan dihimbau untuk melakukan Genose C19 mulai dari 1x24 jam sebelum jadwal keberangkatan kereta menyesuaikan dengan masa berlaku skrining tes covid-19 yang berlaku saat ini. Trims. |2,positif
"@fawazsidiqi_ Selamat siang. Layanan pemeriksaan Genose C19 di Stasiun Tasikmalaya melayani mulai pukul 09.00 - 17.00 WIB (Antrean Kondisional), lokasi berada di Teras Mess Stasiun Tasikmalaya (Depan Parkir Sepeda). |1",positif
"Tanya manteman...

apa benar hari ini ke Malang ada pemeriksaan utk bawa surat hasil tes antigen/pcr/genose di exit tol?",positif
@blckrozes Selamat siang. Layanan rapid test antigen atau GeNose C19 beroperasi setiap hari ya. Rencana ingin melakukan pemeriksaan apa Kak?,positif
"@Dee_Anggarrini KA #TawangAlun direncanakan tetap beroperasi pada tanggal tersebut. Persyaratannya tidak wajib rapid test antigen/PCR/GeNose Test. Namun tetap wajib memakai masker (kain 3 lapis/medis), dalam kondisi sehat |1",positif
"@KAI121 Sudah cek min, dan beberapa waktu lalu sebelum adanya larangan mudik tidak perlu mengikuti tes genose atau antigen. Cuma karna adanya larangan mudik ini yg saya ingin tau apakah perlu atau tidak syarat tsb",positif
"@rizky4ahmad Tersedia layanan Genose C19 di St. Kiaracondong beroperasi mulai pukul 08.00 - 23.00 WIB (Antrean Kondisonal). Lokasinya di depan ruang Customer Service. Silakan dapat melakukan pemeriksaan Genose C19 setelah memasuki waktu 1x24 jam sebelum KA berangkat, trims.",positif
"@Citilink HALOOO, mau tanya kalo mudik harus Antigen atau bisa GeNose?",positif
@amaliamell Selamat siang. Hingga saat ini perjalanan dengan KA Lokal/Aglomerasi penumpang tidak wajib membawa hasil negatif tes GeNose C19/RT-PCR/Rapid Test Antigen. Informasi lengkapnya dapat dicek pada link berikut https://t.co/LYSEeo7TZj. Trims.,positif
@Rika_Nikmah @KAI121 Dari jogja k sbya kak. Pake genose aja dr stasiunnya,positif
@AvatarPetir atau sudah memasuki 1x24 jam sebelum keberangkatan KA menyesuaikan masa berlaku GeNose C-19 untuk mengantisipasi antrean. Trims. |4,positif
"@KAI121 Dari stasiun malang ke jember min, apakah perlu saat tgl 21 mei karna adanya syarat tidak boleh mudik itu min? Membawa hasil genose atau antigen atau surat keterangan lain kaj?",positif
"@AvatarPetir Selamat siang. Layanan Genose C-19 di St. Kiaracondong melayani setiap hari mulai pukul 08.00-23.00 (Antrian Kondisonal), posisinya diDepan Ruang Customer Service dengan tarif 30 ribu, yang sampelnya diambil dalam kurun waktu |1",positif
@akusopocuk @jogjamf Oalah berarti emng mending H-1 ya nek tes genose. Makasiii mas udah jawab‚ò∫Ô∏è,positif
"@dyah_ganis Tp sbnrnya ttp aja butuh antigen 1x 24 jam sama genose pas hari H nis. Bukannya ngabisin duit bgt itu yaa. Moga ga membludak aja abis lebaran, tp ga yakin wkwkwk",negatif
"/jbrfess/ ada yg pernah tes genose di stasiun jbr gak ? Mau tanya tanya aku rek 
Makasih",positif
@infobdg masuk wisata kedah antigen/genose oge pak ulah kagok,negatif
"Mulai Kuliah Tatap Muka, ITERA Sediakan Alat GeNose Gratis https://t.co/LlsY5hZk30 https://t.co/xKE2bfBK0d",positif
@nabilunn Genose dimana bil? Bayar brp?,positif
@damri_lampung Min ke Bandung bisa pakai GeNose ga?,positif
"@HisyamMochtar Padahal mudik terbilang ketat prokes nya. Harus swab/rapid/genose lah yg udah bisa dipercaya, belum pas nyampe rumah langsung isoman 2 minggu apalagi taun kmrn di isolasi massal. Lah pasar coba berkerumun tanpa tes2an tiap hari dan banyak yg melanggar prokes tetap santuy:))",negatif
"Harusnya hari ini udh siap2 mau antri test genose, ini msh digantung sm kepastian jadwal analisis, bisa2 angus ini tiket klo ga cepet reschedule",positif
"@rizky4ahmad Selamat siang. Mohon maaf, saat ini layanan GeNose C19 belum tersedia di Stasiun Purwakarta Kak. Trims.",positif
"@Unsoedfess1963 klo hasilnya sekitar 30 menitan (aku taunya di bandara) klo stasiun paling ngga beda jauh. klo soal antrian ya ngga pasti lah nder, tergantung berapa orang yg ikut genose. gabisa mastiin dong. buat antisipasi dateng 2/3 jam sebelum keberangkatan",positif
Genose C19 Bisa Deteksi Varian Baru Covid-19 - https://t.co/g2I0uYvF8d https://t.co/eUENPkmRcz,positif
"Pelayanan tes Genose covid-19 
Luar biasa cepat.
Mulai pembayaran hingga keluar hasi cuma butuh waktu 4 menit.

Utk di bandara APT Pranoto, Samarinda
Tempatnya jauh.
Mayan ngos2an, ORüëç

@AngkasaPura_2 
@AP_Airports https://t.co/VHmFlrYZyc",positif
min @KAI121 stasiun purwakarta bs tes genose gak?,positif
"@Rika_Nikmah @KAI121 Hai mba, boleh. Jadi aku dari Gambir ke gubeng. Persyaratan yang pertama dan paling utama harus punya tiket üòÇ. Kalau aku kemarin genose mba, Alhamdulillah cuma 30rb dan nggak sampek 2 menit udah keluar hasil nya.",positif
@Muarief_priam Selamat siang. Layanan GeNose C19 di Stasiun Pasar Senen beroperasi pukul 07.00 - 19.00 WIB (antrean mulai 06.00 WIB/Kondisional). Posisinya dekat pintu kedatangan (samping Musala). Trims.,positif
"@Rika_Nikmah Krn kemaren berangkat sore jadi tes genose nya pagi,untuk menghindari antrian yang panjang.
Tp sekarang KAI sudah tidak melayani pembelian tiket krn adanya larangan mudik",positif
antri tes genose annoying parah lama bgt.,negatif
@KAI121 min pelayanan genose di stasiun pasar senen jam berapa saja ya ?,positif
"@Dee_Anggarrini Selamat siang. Guna pengecekan, rencana ingin melakukan perjalanan dari dan menuju stasiun mana Kak?
saat ini penumpang KA #TawangAlun tidak diwajibkan melampirkan surat keterangan hasil Genose C19/RT-PCR/Rapid Test Antigen. |1",positif
"@gulagarembata @KawalCOVID19 Lalu masalah tes, rujukan utamanya PCR, lalu yg rada mirip tp cepat adlh antigen. Lalu tiba2 ada GeNose yg standarnya ga jelas.
Kan rancu ya, misal kita tes PCR dan negatif, naik pesawat atau kereta, org2 seperjalanan negatif tp pakai GeNose tes nya üòÅ",negatif
"@Gwentariaa alat tiup
tes genose",positif
"@KAI121 min, apakah kereta tawangalun pada tgl 21 mei beroperasi? Dan apa harus pakai genose atau swab antigen kah?",positif
"@azharfahd Mohon melakukan GeNose C19 di stasiun setelah memasuki waktu 1x24 jam dari keberangkatan KA, dengan tetap menyesuaikan jam operasional yang berlaku. Trims. |2",positif
@azharfahd Selamat siang. Layanan GeNose C19 di Stasiun Bekasi melayani pukul 08.00 - 18.00 WIB (antrean kondisional). Posisinya berada di parkir Utara Stasiun Bekasi. |1,positif
@sukaskincarean @pwtupdate @oohjule @infomalang Kan genose berlaku 24 jam,positif
@An_Des09 Ini berarti tinggal beli tiket terus pakai tes genose 1jam sebelum keberangkatan ya. Udah gitu aja?,positif
"@oohjule @infomalang engga ini aku mau ke purwokerto tapi naiknya dari surabaya, biar ngirit waktu aku tes genose di stasiun malang, takut ga berlaku aja kalo tes di beda stasiun :)",positif
"@An_Des09 tes rt-pcr, rapid test antigen, atau tes genose C-19 yang sampelnya diambil dalam kurun waktu maksimal 1x24 jam sebelum keberangkatan. Info lengkap silakan cek melalui link https://t.co/Gex6hLrT8U. Trims. |3",positif
@sukaskincarean @infomalang Naik kereta lokal pake genose yuuuum?,positif
"@KAI121 min, tes GeNose di stasiun bekasi buka mulai jam berapa ya?",positif
@dry_abs Selamat pagi. Persyaratan naik KA tersebut wajib menunjukkan surat keterangan hasil negatif tes rt-pcr/rapid test antigen/tes genose C-19 yang sampelnya diambil dalam kurun waktu maksimal 1x24 jam |1,positif
"Min @infomalang 

Ingin bertanya, misal followersnya ada pengalaman serupa. Kalo misal kita tes genose di stasiun malang tapi naik kereta nya di surabaya boleh ngga yah?

atau tes genose nya harus di stasiun yang sesuai tiket keretanya?

Terima kasih min~",positif
"@Rika_Nikmah dan h+7 pasca peniadaan mudik tanggal 18-24 Mei 2021 wajib menunjukkan surat keterangan hasil negatif tes RT-PCR, rapid test antigen atau tes GeNose C-19 yang sampelnya diambil dalam kurun waktu maksimal 1x24 jam sebelum keberangkatan. |2",positif
"@Rika_Nikmah @KAI121 Dari stasiun pasar senen ke stasiun kebumen.
Syaratnya harus bawa hasil tes genose/swab/repid yang hanya berlaku 1x24 jam stelah pengambilan sample",positif
"Sementara itu Drs. Iswanto, Apt, M.M selaku Direktur Utama PT Swayasa Prakarsa menuturkan bahwa selama ini GeNose C19 sudah mendapat izin edar dari Kemenkes dan lolos uji diagnostik, sehingga adanya sertifikat SNI akan meningkatkan kepercayaan publik terhadap GeNose C19.",positif
"Kepala BSN, Kukuh S. Achmad menyatakan bahwa BSN mendukung penuh GeNose C19 sebagai salah satu alat deteksi COVID-19. Pihaknya akan mengidentifikasi standar nasional Indonesia yang dibutuhkan untuk standardisasi alat kesehatan seperti GeNose C19.",positif
"Pada Jumat (30/4), BSN bersama tim pengembang GeNose C19 melaksanakan diskusi bertajuk ‚ÄúFGD Persiapan Proses Standardisasi GeNose C19 Sebagai Salah Satu Alat Deteksi COVID-19‚Äù #GeNoseDukungProkes #GeNoseC19 #Genose https://t.co/fnFF1hM6Wp",positif
"Hadiri Pameran Sneaker, Wamenparekraf Angela Tanoesoedibjo Mencoba Alat GeNose C19
https://t.co/UqpmHPIGg0",positif
"@luluttmr Selamat pagi. Jika sudah melakukan pemeriksaan Rapid Test Antigen, maka tidak perlu tes GeNose C19 di stasiun. Silakan dapat memilih salah satunya ya. |1",positif
Si social distancing tuh genose https://t.co/ckWVLHMrvd,positif
"Yang daerah Bekasi temenin aku genose yuk ahh, males banget cendirian",positif
"@contactap2 min, hasil tes Genose bisa dipakai di bandara Soetta gak ya?",positif
"@itillucudanimut Selamat pagi. Penumpang KA #TawangAlun tidak diwajibkan melampirkan surat keterangan hasil GeNose C19/RT-PCR/Rapid Test Antigen. Info lengkap terkait ketentuannya, silakan cek link berikut https://t.co/LYSEeo7TZj. Trims.",positif
Jends ngantri genose di stasiun skrng sekitar brp lama ya?,positif
"Kalau ada info mengenai pengadaan/persewaan alat genose, mohon info dong.",positif
"@yantiii12_ Harusnya di konfirmasi ke call center, atau buka link nya dari PC/laptop, kendala yg sama, saya g bisa tidur semalaman juga sama nungguin hasil genose",negatif
Bandara Ahmad Yani Buka Layanan Deteksi Covid-19 GeNose https://t.co/hXurpShyLL @AP_Airports @KemenBUMN,positif
"@KAI121 @michaelset Izin bertanya min, kalau sudah rapid antigen apakah perlu pake tes GeNose juga?",positif
"@UNSfess_ siangnya aja mending nder, genose bukanya berlaku 1x24 jam aja sih",positif
"Mulai Kuliah Tatap Muka, ITERA Sediakan Alat GeNose Gratis¬† https://t.co/x8r3nF2yZG via @idntimes",positif
"@ikliltok Selamat pagi. Bagi penumpang yang akan melakukan perjalanan dengan KA #Kaligung, tidak wajib membawa hasil negatif Rapid Test Antigen/RT-PCR/GeNose C19. Info lengkap syarat dan ketentuannya, silakan dapat cek link berikut https://t.co/LYSEeo7TZj. Trims.",positif
Test pake GeNose udah bisa dipake kah?!,positif
"Imunogenisitas vaksin Sinopharm hingga GeNose akan distandarisasi BSN jadi rangkuman kabar baik corona pagi ini. #kumparanNEWS https://t.co/O54Gxiajlw

Install aplikasi kumparan, baca lebih nyaman tanpa iklan mengganggu https://t.co/3H3QtgsbWC",positif
@asdp191 Min kalau naik bus di test genose juga gak ? untuk pemberangkatan merak-bakauheni,positif
-11fess ges kalian ada yg pernah perjalanan gambir-balapan dan pake genose ga? antri banget ga sih tesnya? kalo berangkat jam 8 malem tes jam 6 sore gitu ndadak banget ga?,positif
@AsatriyaP Identitas akan masuk ke sistem pelayanan dan silahkan mengambil nomor antrian sesuai dengan kuota antrian yang ada di pelayanan Rapid Test/GeNose C19. Tks -Miftah (3),positif
"@AsatriyaP Selanjutnya, saat ini belum tersedia layanan untuk reservasi GeNose di Bandara, silahkan mengakses link : https://t.co/il9rRySrXF dan Aplikasi Farmalab untuk mempercepat proses registrasi di Lokasi. (2)",positif
@KAI121 saya tes genose dr  jm 7 krg smp skrg ngk kluar2 hasil.smp tiggaln kereta.tlg evaluasi petugas u cek genose lbh d  perbyk&amp;lbh FIFO https://t.co/6duaLpUwtH,negatif
@setwoodz Selamat pagi Kak. Saat ini masa berlaku hasil Genose C19 1x24 jam sejak pengambilan sampel ya. Mohon melakukan GeNose di stasiun setelah memasuki waktu 1x24 jam dari keberangkatan KA. Pastikan tanggal dan jam pemeriksaan tidak melebihi waktu keberangkatan. Trims.,positif
"Drama Genose c19 pagi ini, bikin keringetan kek kelar 5K, hahaa. https://t.co/XnHNLHnmGz",negatif
"@KAI121 min, kalo kereta lokal apa perlu bawa genose? Contoh perjalanan dr Tulungagung ke Malang",positif
agak kecewa sih tes genose dari jam 7 smpe kereta mau barngkat 9.20 belum keluar jugaaa  @KAI121  akhirnya dibatalinüòî,negatif
@yantiii12_ Selamat pagi. Hasil GeNose C19 akan diberikan di hari yang sama setelah pemeriksaan ya. Rencana pemeriksaan di stasiun mana Kak?,positif
"Izin tanya : Kalau telah terbentuk antibodi terhadap SARS-CoV-2,  setelah dua kali vaksinasi Cov-19, yang dibuktikan dg hasil lab patologi, apakah masih dipersyaratkan SWAB/ Antigen/ Genose/ Rapid test, pada saat perjalanan atau meeting off line ?

Tidakkah cukup dg ProKes 5M ?",positif
"@gourdvent Selamat pagi Kak. Saat ini penumpang KA Kaligung dan Kamandaka tidak diwajibkan menunjukkan hasil negatif GeNose C19/rapid test antigen/RT-PCR. Informasi lengkap syarat dan ketentuan, silakan bisa cek link berikut: https://t.co/LYSEeo7TZj. Trims.",positif
"@KAI121 min, test antigen/genose di stasiun. Itu udah otomatis ngelink di tiketnya??",positif
"@hutagalun6 Hai kak Hendra. Kami informasikan layanan genose belum tersedia di Bandara Kualanamu, utk keberangkatan dari Bandara Kualanamu silakan menggunakan hasil test antigen/PCR. Tks. -Airin",positif
"@contactap2 halo min, mohon info untuk test genose di bandara kualanamu medan apakah sudah tersedia?",positif
"Tak Hanya di YIA, Layanan GeNose juga Tersedia di Bandara Adisutjipto Yogyakarta https://t.co/rVlK9he3hD #TempoTravel",positif
" malam kak, untuk Air Asia di Bandara Juanda jadi terminal 1 ya? Dan apakah ada pendaftaran Genose secara online untuk menghindari antrian dan kerumunan? Terima kasih üôèüèª",negatif
"@KAI121 @KAI121 halo, mau bertanya. Bila jadwal keberangkatan saya pada tanggal 4 Mei pukul 09.00-13.00, maka utk hasil genose yg dapat diterima (dgn aturan maks tes covid 1x24 jam) ini   berlaku utk saya maksimal tanggal 3 Mei pukul 09.00 atau pukul 13.00 ya? Terima kasih",positif
"@ediisptraa_ Layanan GeNose C19 di Stasiun Purwokerto beroperasi pukul 08.00 - 16.00 WIB (Jumat-Minggu s.d 17.00 WIB, antrean kondisional). Posisinya di pintu Keluar Barat stasiun. Trims.",positif
"Ada yg pernah test genose
Mau tanya dong itu tingkat akurasi nya berapa % yah??",positif
"@julpianaaa Selamat pagi. Penumpang KA Lokal #Prameks tidak diwajibkan melampirkan surat keterangan hasil GeNose C19/Rapid Test Antigen/RT-PCR. Info lengkap terkait ketentuannya, silakan cek link berikut https://t.co/LYSEeo7TZj. Trims.",positif
"@KAI121 halo min, mau tanya untuk relasi kaligung pekalongan-semarang poncol untuk tanggal 1 mei ini dan relasi kamandaka semarang-pekalongan untuk tanggal 2 apakah perlu menggunakan rapid/genose?",positif
"@itsY0ouU Kalo di stasiun skrg nyediainnya genose ga si, yg ditiup",positif
"Mulai 29 April 2021 Terdapat 55 Stasiun yang Melayani Tes GeNose C19, Berikut ini Daftarnya! https://t.co/663O2mY2FC https://t.co/5zfQqn14oi",positif
"@be_ne_be @opinopin Jadi masih bisa pergi naik bis, sama juga kereta lokal masih bisa dan gakperlu genose",negatif
"@rizkidwika Itu baru 1 tempat yang ketauan, gimana dengan tempat test di bandara lain.....  kita lihat keuntungan mafia kesehatan penjual antigen. Wajar aja sih kalau   Genose lambat diterapkan disemua bandara, krn murah,karya anak bangsa, dan agak sulit  kalau mau diproyekin kayak.gini üòÄ",negatif
"@newsnormals Setelah Railmin kordinasikan dengan unit terkait, hari ini GeNose C19 di Stasiun Gambir melayani lebih awal yaitu pukul 06.45 WIB ya. Trims. |2",positif
@newsnormals Selamat pagi Kak. Mohon maaf atas ketidaknyamanannya. Layanan GeNose C19 di Stasiun Gambir melayani pukul 07.00 WIB. Untuk pengambilan nomor antrean dimulai pukul 06.00 WIB. |1,negatif
"@vendymirta @KAI121 Kalo GeNose harus dari stasiun, kalau mau dari layanan kesehatan lain bisa pakai hasil rapid antigen atau swab pcr",positif
@aawiga_ Ga bekas genose tapi rupanya bekas packing cupang alamakkküòÇüòÇüòÇ,negatif
"@cochipsjeje Genose, yg niup kantong udara doang",positif
Semangat hari senin harus genose rur,positif
@lelyr13 Sejam sebelum berangkat tp tergantung antrian sih lumayan banyak kalau genose,positif
"@irzaaa_ Selamat pagi. Sementara ini layanan pemesanan pemeriksaan GeNose C19 di aplikasi #KAIAccess, baru dapat digunakan penumpang yang berangkat dari Gambir atau Pasar Senen. Silakan pengecekan GeNose C19 di stasiun yang melayani. Trims.",positif
Kalau kereta jam 1 mending genose jam berapa ya guys,positif
"Di Bandara Hang Nadim, Pemeriksaan PCR, Swab Antigen, Antibodi dan GeNose Steril dan¬†Aman https://t.co/vxkFnPVDSL",positif
"@charismasum132 Selamat pagi Kak dan mohon maaf baru terbalaskan. Sesuai Adendum Surat Edaran Satuan Tugas penanganan Covid-19 nomor 13 tahun 2021, hasil GeNose C19 bisa digunakan oleh calon penumpang KA apabila sampelnya diambil di stasiun. Trims.",positif
"@TaurusAdalahAku Genose.. aku hari ini test genose.. besok pagi ke Jkt..test sore aja, soalnya masa berlaku cuma 24 jam",positif
"@epeeen Pagi kang, betul kang.

Kelengkapan dokumen yang harus dibawa yaitu :
1. Hasil Negatif Tes PCR / Rapid Tes Antigen. Maksimal 1 x 24 Jam
2. Hasil Negatif Genose C19.
Sebelum keberangkatan.

Hatur nuhun.",positif
"@denipr_ Selamat pagi. Jika yang dimaksud perjalanan KA #WalaharEkspres, termasuk Kereta Api Lokal. Penumpang KA Lokal #WalaharEkspres tidak diwajibkan melampirkan surat keterangan hasil Rapid Test Antigen/GeNose C19/RT-PCR. |1",positif
GeNose Tengah Mengajukan Izin Agar Lolos SNI https://t.co/r62JPs2aa3,positif
"@zukikurniawan1 Selamat pagi Kak Bagi penumpang yang ingin melakukan pemeriksaan layanan Genose C19 atau Rapid test Antigen di stasiun wajib menunjukkan tiket KA Jarak Jauh atau kode booking aktif yang berstatus lunas (Paid), trims.",positif
"Pemeriksaan GENOSE C19 kini hadir di 55 stasiun. 
.
#BangkitkanEkonomiNKRI https://t.co/X0s9JqtecE",positif
Pertama kali nyobain genose buatan kampus sendiri. wkwk. agak deg2an ya.,negatif
Imunogenisitas vaksin Sinopharm hingga GeNose akan distandarisasi BSN jadi rangkuman kabar baik corona pagi ini. #kumparanNEWS https://t.co/XmVXpfHuas,positif
"@ffiemmefatale Selamat pagi Kak. Hasil GeNose C19 di stasiun bisa dicek ¬± 10-15 menit setelah pengambilan sampel dilakukan, namun tetap menyesuaikan dengan antrean di stasiun ya. Trims.",positif
"Sudah diusahakan genose 1 hari sebelum, 
Eh pas checkin di pintu keberangkatan sama sekali tidak diperiksa. Hanya cek nama dan scan barcode tiket kereta.
Trus fungsinya test apaan yak? https://t.co/mVzj3SqAwv",negatif
"Mulai Hari Ini, Bandara Halim Perdana Kusuma Lakukan Percobaan Tes Genose C19 untuk Penumpang
 
https://t.co/opA2webSab via @tribunbanten",positif
"Genose di Pelabuhan Gilimanuk Bali Mulai Digunakan, Tapi Tak Gratis https://t.co/ZAIT3omiav",positif
KAI Hadirkan Pemeriksaan GeNose C19 di 55 Stasiun  https://t.co/MPeOuIQPdb,positif
"Min, kalau sudah melakukan vaksin dan sudah punya bukti sertifikat vaksin apa perlu tes genose untuk naik kereta? Mhn dijwb, thanks. https://t.co/ua5mSBRWBY",positif
"@alivetau Selamat siang. Layanan GeNose C19 di Stasiun Madiun beroperasi pukul 08.00-19.00 WIB, antrean bersifat kondisional. Posisinya sebelah barat ruang tunggu stasiun (depan parkir motor). Terima kasih.",positif
@magetanbanget Ini harus bawa SIKM ya min? Terus kalau tesnya genose boleh gak?,positif
@KAI121 min pelayanan genose di stasiun madiun sampai jam berapa? Trims,positif
"Sudah 3.000 Unit Genose Diproduksi, Rektor  UGM: Kami Akan Terus Berinovasi https://t.co/b87XCmX8JA",positif
@dvxooo_ Selamat siang. Layanan GeNose C19 di Stasiun Bekasi buka pukul 08.00 - 18.00 WIB (antrean kondisional). Trims.,positif
@KAI121 min untuk tes genose di stasiun bekasi hari ini tutup jam berapa ya?,positif
KAI Hadirkan Pemeriksaan GeNose C19 di 55 Stasiun  https://t.co/MPeOuIQPdb,positif
"Min, kalau sudah melakukan vaksin dan sudah punya bukti sertifikat vaksin apa perlu tes genose untuk naik kereta? Mhn dijwb, thanks. https://t.co/ua5mSBRWBY",positif
"@alivetau Selamat siang. Layanan GeNose C19 di Stasiun Madiun beroperasi pukul 08.00-19.00 WIB, antrean bersifat kondisional. Posisinya sebelah barat ruang tunggu stasiun (depan parkir motor). Terima kasih.",positif
@magetanbanget Ini harus bawa SIKM ya min? Terus kalau tesnya genose boleh gak?,positif
@KAI121 min pelayanan genose di stasiun madiun sampai jam berapa? Trims,positif
"Sudah 3.000 Unit Genose Diproduksi, Rektor  UGM: Kami Akan Terus Berinovasi https://t.co/b87XCmX8JA",positif
@dvxooo_ Selamat siang. Layanan GeNose C19 di Stasiun Bekasi buka pukul 08.00 - 18.00 WIB (antrean kondisional). Trims.,positif
"Mudik Dilarang, GeNose Tetap Beroperasi di 12 Bandara Ini https://t.co/VM1IxUNaYl",positif
PT Angkasa Pura I Bandara Sultan Aji Muhammad Sulaiman Sepinggan mulai melakukan uji coba penggunaan GeNose C19 sebagai syarat perjalanan. Uji coba dilakukan mulai hari ini kepada para pemangku kepentingan bandara.¬† https://t.co/nLe6duv1sD,positif
